id,name
3TVXtAsR1Inumwj472S9r4,Drake
0c173mlxpT3dSFRgMO8XPh,Big Sean
67nwj3Y5sZQLl72VNUHEYE,Wale
17lzZA2AlOHwCwFALHttmp,2 Chainz
1sBkRIssrMs1AbVkOJbc7a,Rick Ross
5IcR3N7QB1j6KBL8eImZ8m,ScHoolboy Q
5OrB6Jhhrl9y2PK0pSV4VP,Young Money
20sxb77xiYeusSH8cVdatc,Meek Mill
6vXTefBL93Dj5IqAWq6OTv,French Montana
28ExwzUQsvgJooOI0X1mr3,Jay Rock
6f4XkbvYlXMH0QgVRzW0sM,Waka Flocka Flame
31HjiqargV4NAw4GZqUale,Ace Hood
6l3HvQ5sa6mXTsMTB19rO5,J. Cole
0ONHkAv9pCAFxb0zJwDNTy,Pusha T
13ubrt8QOOCPljQ2FL1Kca,A$AP Rocky
0fA0VVWsXO9YnASrzqfmYu,Kid Cudi
5oNgAs7j5XcBMzWv3HAnHG,DJ Drama
0EeQBlQJFiAfJeVN2vT9s0,Nipsey Hussle
0YWxKQj2Go9CGHCp77UOyy,Fabolous
0QHgL1lAIqAw0HtD7YldmP,DJ Khaled
6Ha4aES39QiVjR0L2lwuwq,Yo Gotti
35sCXuy5gN6Or69rZ9vqBs,Birdman
4yBK75WVCQXej1p04GWqxH,Jeezy
2HPaUgqeutzr3jx5a9WyDV,PARTYNEXTDOOR
4HzKw8XcD0piJmDrrPRCYk,Majid Jordan
7mDU6nMUJnOSY2Hkjz5oqM,Roy Woods
2EMAnMvWE2eb56ToJVfCWs,Bryson Tiller
4IVAbR2w4JJNJDDRFP3E83,6LACK
6g8AmloI8egfrr3dm3SnUL,TWENTY88
3KV3p5EY4AvKxOlhGHORLg,Jeremih
4W49e48G0gg1pucAN6JiGH,Yo Trane
45AMD9qU0ERQY5RvR7deHR,Che Ecru
7e1ICztHM2Sc4JNLxeMXYl,dvsn
21WS9wngs9AqFckK7yYJPM,PnB Rock
2jku7tDXc6XoB6MO2hFuqg,Tory Lanez
6KZDXtSj0SzGOV705nNeh3,Kid Ink
7c0XG5cIJTrrAgEC3ULPiq,Ty Dolla $ign
0GeeIVcvGA8GSlWsoY1dkG,Vory
19Fi1Rj7kk8kyiwxpXy3yM,August Alsina
1RyvyyTE3xzB2ZywiAwp0i,Future
50co4Is1HCEo8bhOyUWKpn,Young Thug
13y7CgLHjMVRMDqxdx0Xdo,Gucci Mane
15iVAtD3s3FsQR4w1v6M0P,Chief Keef
3hcs9uc56yIGFCSy9leWe7,Lil Durk
3HiuzBlSW7pGDXlSFMhO2g,Young Dolph
6AMa1VFQ7qCi61tCRtVWXe,Jim Jones
6Uh8uJyN9g7oFjDK16nJgb,Juelz Santana
45a6gCQWq61lIUDmr1tKuO,Bun B
7yO4IdJjCEPz7YgZMe25iS,A$AP Mob
1URnnhqYAYcrqrcwql10ft,21 Savage
0VRj0yCOv2FXJNP47XQnx5,Quavo
2hlmm7s2ICUX0LVIhVFlZQ,Gunna
4Gso3d4CscCijv0lmajZWs,Don Toliver
6oMuImdp5ZcFhWP0ESe6mG,Migos
6icQOAFXDZKsumw3YXyusw,Lil Yachty
5dHt1vcEm9qb8fCyLcB3HL,A$AP Ferg
0WOxhx4hikIsyF3CRPLC8W,Famous Dex
46SHBwWsqBkxI7EeeBEQG7,Kodak Black
5gCRApTajqwbnHHPbr2Fpi,Juicy J
0CKa42Jqrc9fSFbDjePaXP,Big K.R.I.T.
4q3ewBCX7sLwd24euuV69X,Bad Bunny
1i8SpTcr7yvPOmcqrbnVXY,Ozuna
0qTZZWLzuD59Un5r1speHm,Chris Jedi
5hdhHgpxyniooUiQVaPxQ0,Nio Garcia
0tmwSHipWxN12fsoLcFU3B,Manuel Turizo
1fctva4kpRbg2k3v7kwRuS,Rvssian
47MpMsUfWtgyIIBEFOr4FE,Lunay
6nVcHLIgY5pE2YCl8ubca1,Jhayco
790FomKkXshlbRYZFtlgla,KAROL G
6kq4GHwUcUojGIu0ziSNXf,Amenazzy
0GM7qgcRCORpGnfcN2tCiB,Tainy
00XhexlJEXQstHimpZN910,Brytiago
2R21vXR83lH98kGeO99Y66,Anuel AA
6w9ToX5slZ4uIdmD17hJ3c,Bryant Myers
5bWUlnPx9OYKsLiUJrhCA1,Jon Z
7iK8PXO48WeuP03g8YR51W,Myke Towers
2wkoKEfS6dXwThbyTnZWFU,Mau y Ricky
1jSjfSgDjedJdi5MoyRu78,Lary Over
1GAymyGBvB4gQy5Z5LZ1Wj,Lalo Ebratt
64aJYyrXljOodnUG6jvhRD,DJ Luian
1RBzGO6Nm3uyhUSxP7EDWO,Kevin Roldan
5dbaLmK5SHLLg8Z4CcTJpX,Greeicy
0eecdvMrqBftK0M1VKhaF4,CNCO
0haZhu4fFKt0Ag94kZDiz2,Sofía Reyes
5H1nN1SzW0qNeUEZvuXjAj,Danny Ocean
0AspLZGQkP38yddNoD0pLn,Mario Bautista
2ayNSoKPCRAfjp6hQ76hRu,Nacho
07YUOmWljBTXwIseAUd9TW,Sebastian Yatra
6w3SkAHYPsQ1bxV7VDlG5y,Cazzu
0EFisYRi20PTADoJrifHrz,Jhay Cortez
1fux65HMCBvfJHqlBc4Nno,Casper Magico
3RtNN1VnooWEn3KQk03DUL,Noriel
2wYOpkTJZGByNEOjEnSmoW,Revol
5lFhCi03HDneWzvCxGctrT,Jory Boy
1pf0MPKfKdvS8J779mS1Ay,Miky Woodz
1Ts9of7VPZElwPQnqnDSfW,Lyanno
2LmcxBak1alK1bf7d1beTr,Juhn
2DspEsT7UXGKd2VaaedgG4,Alex Rose
2QUvtLq6oQaX0LNsYY2fas,Cauty
6eUKZXaKkcviH0Ku9w2n3V,Ed Sheeran
4IWBUUAFIplrNtaOHcJPRM,James Arthur
6ydoSd3N2mwgwBHtF6K7eX,Calum Scott
4GNC7GD6oZMSxPGyXy4MNB,Lewis Capaldi
543ccHFPnZfJMD8tRGPtu7,James Smith
4EzkuveR9pLvDVFNx6foYD,James Bay
3QSQFmccmX81fWCUSPTS7y,Dean Lewis
0B3N0ZINFWvizfa8bKiz4v,James TW
4T2k9bgIoC8bbqjqiEl9vZ,Rhys Lewis
4kYGAK2zu9EAomwj3hXkXy,JP Cooper
5fywYLnKJi950Y5yMqavxm,Etham
2jHp7gQArCQrlMvdrIVFCg,Anson Seabra
7n2wHs1TKAczGzO7Dd2rGr,Shawn Mendes
1Hsdzj7Dlq2I7tHP7501T4,Niall Horan
5pUo3fmmHT8bhCyHE52hA6,Liam Payne
4AK6F7OLvEQ5QYCBNiQWHq,One Direction
57WHJIHrjOE3iAxpihhMnp,Louis Tomlinson
6T5tfhQCknKG4UnH90qGnz,DNCE
4GvEc3ANtPPjt1ZJllr5Zl,Bazzi
4nDoRrQiYLoBzwC5BhVJzF,Camila Cabello
2wUjUUtkb5lvLKcGKsKqsR,Alessia Cara
1l8Fu6IkuTP0U5QetQJ5Xt,Fifth Harmony
0C8ZW7ezQVs4URX5aX7Kqx,Selena Gomez
6bh228LGC3eAzbplPWV02r,Declan J Donovan
25tMQOrIU4LlUo6Sv8v5SE,Gavin James
2nJYGgfTf2846LtVB3AES8,Plested
6TdfKQvrdHZdr4DIzjuWOr,Canyon City
2wY79sveU1sp5g7SokKOiI,Sam Smith
4Rxn7Im3LGfyRkY2FlHhWi,Nick Jonas
5CCwRZC6euC8Odo6y9X8jr,Rita Ora
2gsggkzM5R49q6jpPvazou,Jessie J
0X2BH1fck6amBIoJhDVmmJ,Ellie Goulding
6VuMaDnrHyPL1p4EHjYLi7,Charlie Puth
1bqxdqvUtPWZri43cKHac8,MAX
3WGpXCj9YhhfX11TToZcXP,Troye Sivan
2jnIB6XdLvnJUeNTy5A0J2,Why Don't We
5p7f24Rk5HkUZsaS3BLG5F,Hailee Steinfeld
4rQTEdG6hDVOlDUFKs9EjZ,Fly By Midnight
1zNqDE7qDGCsyzJwohVaoX,Anne-Marie
0ZED1XzwlLHW4ZaG4lOT6m,Julia Michaels
188VINPQh5dyNfLUkevKqf,Olivia Holt
0uGk2czvcpWQA383Im6ajf,Maggie Lindemann
7LImGq5KnzQobZciDJpeJb,Charlotte Lawrence
28y6CyJNkGNjJQKrlx4AmN,HRVY
1o2NpYGqHiCq7FoiYdyd1x,Bea Miller
6Dd3NScHWwnW6obMFbl1BH,Daya
7nDsS0l5ZAzMedVRKPP8F1,Ella Henderson
55VbVrjmAWcvCknVFfPzvK,Grace Davies
5xKp3UyavIBUsGy3DQdXeF,A Great Big World
2TL8gYTNgD6nXkyuUdDrMg,Jasmine Thompson
58MLl9nC29IXbE4nEtuoP2,Alex & Sierra
7gAppWoH7pcYmphCVTXkzs,The Vamps
2WuKU0SYZOQyY3MmE4vtez,New Hope Club
5Y8eJDj37KhaEeqbVO7Ag1,PRETTYMUCH
6dn6x1XOng3LOAnfTjUn77,AJ Mitchell
5Rl15oVamLq7FbSb0NNBNy,5 Seconds of Summer
2txHhyCwHjUEpJjWrEyqyX,Tom Odell
4tqPTKknmeQK1uDEFVfX4G,Ryan McMullan
3LpLGlgRS1IKPPwElnpW35,James Morrison
4m6VmvHDXWmVdIw6EJGQ86,Frances
0gadJ2b9A4SKsB1RFkBb66,Passenger
1Xyo4u8uXC1ZmMpatF05PJ,The Weeknd
5YHM0i7v5TqqibZhS0YiuX,Ryan Trey
0pghUohLPptZWBasy2wmUx,THEY.
1ZilzPhvZhYUCSGczNRlyt,Eli Sostre
5ZS223C6JyBfXasXxrRqOk,Jhené Aiko
3tlXnStJ1fFhdScmQeLpuG,Brent Faiyaz
3UjPnt2nRmw10N58bBeNOg,Xavier Omär
20wkVLutqVOYrc0kxFs7rA,Daniel Caesar
3QTDHixorJelOLxoxcjqGx,SiR
1A9o3Ljt67pFZ89YtPPL5X,Snoh Aalegra
5RTLRtXjbXI2lSXc6jxlAz,Ravyn Lenae
30DhU7BDmF4PH0JVhu8ZRg,Sabrina Claudio
3fHjwMnkM9ov8CozqkYxWY,Ramriddlz
5J7URjIP8aFmeSn2QwF9Au,TYuS
4isewEHTP7Az2QheDdBQ6J,24hrs
1uaS3ZokV40ZrpzSRhx4Ol,K. Forest
2iojnBLj0qIMiKPvVhLnsH,Trey Songz
3Y7RZ31TRPVadSFVy1o8os,H.E.R.
5aMIbwZQvP2MHPMVC5zCGj,ODIE
0fTav4sBLmYOAzKuJw0grL,Mac Ayres
2vVT4qoxWje0gVD2FiWZ4u,Jeff Bernat
0hDjKSKjl1DC7ovYTDJHe8,Bruno Major
5FxD8fkQZ6KcsSYupDVoSO,Omar Apollo
360IAlyVv4PCEVjgyMZrxK,Miguel
7r2oyrNc0YjSC7hZL87V0Y,Ro James
3jk39CGeaaSO3FPKNx1RUx,Syd
6LuN9FCkKOj5PcnpouEgny,Khalid
0cGUm45nv7Z6M6qdXYQGTX,Kehlani
7jZMxhsB8djyIbYmoiJSTs,Kiana Ledé
1W7FNibLa0O0b572tB2w7t,Pink Sweat$
6hfwwpXqZPRC9CsKI7qtv1,Alina Baraz
3KedxarmBCyFBevnqQHy3P,Jessie Reyez
7HkdQ0gt53LP4zmHsL0nap,Ella Mai
3tQx1LPXbsYjE9VwN1Peaa,Marc E. Bassy
06HL4z0CvFAxyc27GXpf02,Taylor Swift
6S2OmqARrzebs0tKUEyXyp,Demi Lovato
6dJeKm76NjfXBNTpHmOhfO,Selena Gomez & The Scene
1KYszkVzlhV3rAqmAcYIgd,Victorious Cast
4VhL8KLjVso4vLfOLVViTb,Bridgit Mendler
6JL8zeS1NmiOftqZTRgdTz,Meghan Trainor
26VFTg2z8YR0cCuwLzESi2,Halsey
66CXWjxzNUsdJxJ2JdwvnR,Ariana Grande
6jJ0s89eD6GaHleKKya26X,Katy Perry
1HY2Jd0NmPuamShAr6KMms,Lady Gaga
0kkxsdcaWmWU2yWAqclDh4,Rixton
3Yl4nkmEa8BSuGWbwhdLDq,G.R.L.
4obzFoKoKRHIphyHzJ35G3,Becky G
1vSN1fsvrzpbttOYGsliDr,Tori Kelly
4UFShyUQuA8dguoZrqX0jQ,Luke Hemmings
7gOdHgIoIKoe4i9Tta6qdD,Jonas Brothers
63yrD80RY3RNEM2YDpUpO8,Melanie Martinez
2FovgCfOwN9iqbkCBlKFdT,Ellise
3LjhVl7GzYsza1biQjTpaN,Hayley Kiyoko
6sCbFbEjbYepqswM1vWjjs,Zendaya
2ddxtfC0oS8LoktXUHE7YL,Ashley Tisdale
58AqJv0sDFPFnnBcLT8eeX,Bella Thorne
3SYGWAHCe31oykdeUPpoJp,Miranda Cosgrove
6G9bygHlCyPgNGxK2l3YdE,Vanessa Hudgens
7rPQ2z1ji1ctJ6oGYBAo6M,Emily Osment
1uNFoZAHBGtllmzznpCI3s,Justin Bieber
5JZ7CnR6gTvEMKX4g70Amv,Lauv
3pc0bOVB5whxmD50W79wwO,keshi
3gIRvgZssIb9aiirIg0nI3,Jeremy Zucker
0Qnx1MPnHYt3jJCYrRFVwX,Greyson Chance
3sKeaby6GMSJWgYueZaSjE,Mokita
00TKPo9MxwZ0j4ooveIxWZ,Loote
73eAAfRkS2Vi4hx68oTJJE,John K
49tQo2QULno7gxHutgccqF,LANY
1e7K8jD3wRuQfnwDAOeGqe,Fiji Blue
4jGPdu95icCKVF31CcFKbS,Gentle Bones
1INuLZXjjVbcJRyWvD1iSq,Jack & Jack
5xkAtLTf309LAGZTbvULBn,Ruel
5JMLG56F1X5mFmWNmS0iAp,Chelsea Cutler
7zkwepHPyac6tCYl0fL0co,ASTN
2joIhhX3Feq47H4QXVDOr3,RINI
3R80OE4RViOWbnuvqh0j8a,thuy
00OF0nwYaoBSO3AnPVq3vE,Johnny Stimson
4ClziihVpBeFXNyDH83Lde,UMI
33crDRqANd3NQHJagZkQ7O,slchld
6S0dmVVn4udvppDhZIWxCr,Sean Kingston
5tKXB9uuebKE34yowVaU3C,Iyaz
4pADjHPWyrlAF0FA7joK2H,Jay Sean
12PSlydMSjEHzSCj9X5qv7,Baby Bash
1ZKqrja0WvbSssYNFO3lzs,New Boyz
3aQeKQSyrW4qWr35idm0cy,T-Pain
6MF9fzBmfXghAz953czmBC,Taio Cruz
698hF4vcwHwPy8ltmXermq,Far East Movement
2KsP6tYLJlTBvSUxnwlVWa,Mike Posner
6GMYJwaziB4ekv1Y6wCDWS,Soulja Boy
07YZf4WDAMNwqr4jfgOZ8y,Jason Derulo
5ZsFI1h6hIdQRw2ti0hz81,ZAYN
0znpFLuaey34oJTE1jHSnT,Alexander Stewart
09fEeGYqb3MUeV1c9BJgDI,In Real Life
7gbmX8SsfjEjxDMzBi1ZOL,Joe Jonas
79Xp2rRN7wdsaTJgttdX3K,Cody Simpson
6dse9FDodKw65ZQoLjE5F1,Nick Jonas & The Administration
7nU4hB040gTmHm45YYMvqc,Hannah Montana
533HtQP5btWIZcKlHJtEWK,Christopher Wilde
4ntkql3f3ect7NDRUJ7aAY,The Cheetah Girls
2Hjj68yyUPiC0HKEOigcEp,Jesse McCartney
2gUMs9PE8XZVQyzCDqaYmW,High School Musical Cast
7DMveApC7UnC2NPfPvlHSU,Cheat Codes
02A3cEvlLLCbIMVDrK2GHV,Starley
6lB8vOoI4DRrrVxXwuV19c,Mike Perry
4ehtJnVumNf6xzSCDk8aLB,Martin Jensen
5iNrZmtVMtYev5M9yoWpEq,Seeb
1IueXOQyABrMOprrzwQJWN,Sigala
6t1gpxYbY8OlLA7D2RiikQ,Loud Luxury
2ZRQcIgzPCVaT9XKhXZIzh,Gryffin
4YXycRbyyAE0wozTk7QMEq,Matoma
1HBjj22wzbscIZ9sEb5dyf,Jonas Blue
5aSBbBUbArJfyNKDg4KS1I,Tyron Hapi
6sFHvCyqklnJpXC9Nh1aag,Alexander 23
4JNfz6aO9ZFz0gp5GY88am,Hey Violet
3mPc8WGusz2XF3Tvs3AKCR,Carlie Hanson
7dGJo4pcD2V6oG8kP0tJRR,Eminem
5Qi4Bb7a8C0a00NZcA77L0,D12
2TSvMFHlguDI495vujOAys,Bizarre
2XnnxQzxFZG8qEPjakokPM,Obie Trice
7tT5h21rKj9yFfQuqBYLqT,Trick Trick
6evKD5JWJON3qPBJtUEmtY,G-Unit
77IURH5NC56Jn09QHi76is,Bad Meets Evil
6Oesi698iJRUaBeT82zckf,Stat Quo
6vdMPayKk8YJxxeNP5oMCb,Chamillionaire
4pmNqFu71wEmFXSsYAiWK8,Makaveli
0NbfKEOTQCcwd6o7wSDOHI,The Game
5rVbcJv0JRfhWLA3mgM73r,Slaughterhouse
6DVipHzYsPlIoA0DW8Gmns,"Royce Da 5'9"""
7EWU4FhUJM1sZQgQKdENeT,Hopsin
68DWke2VjdDmA75aJX5C57,Yelawolf
3vDUJHQtqT3jFRZ2ECXDTi,Lloyd Banks
4pr7J7wzgObkE3DD3Izi7q,Young Buck
5pnbUBPifNnlusY8kTBivi,Jadakiss
3ScY9CQxNLQei8Umvpx5g6,Fat Joe
50UMTib697JJ44le8DO2Va,Tony Yayo
1HwM5zlC5qNWhJtM00yXzG,DMX
2Xu7q46Hf02xOoEIm4E1Qs,Big Pun
1YfEcTuGvBQ8xSD1f53UnK,Busta Rhymes
4tujQJicOnuZRLiBFdp3Ou,Xzibit
0tCtGc5vt29zFZp6KXzN50,Beanie Sigel
0A7g2YbCA9FlyZvAG6VmKP,The LOX
6DPYiyq5kWVQS4RGwxzPC7,Dr. Dre
3zNM2tRfTX6LI1lN2PlrTt,Westside Connection
2B4ZHz4QDWJTXPFPgO5peE,Warren G
7B4hKK0S9QYnaoqa9OuwgX,Eazy-E
4EnEZVjo3w1cwcQYePccay,N.W.A.
1Oa0bMld0A3u5OTYfMzp5h,Nate Dogg
7hJcb9fa4alzcOq3EaNPoG,Snoop Dogg
3q7HBObVc0L8jNeTe5Gofh,50 Cent
1J2VVASYAamtQ3Bt8wGgA6,Ja Rule
2IvPBSC4CgNLYC1GHEAxcN,Stevie Stone
3SEJQy90Vgg1aSnZ9b4AU9,Krizz Kaliko
6UBA15slIuadJ8h2lPRPos,Tech N9ne
78nL8LitGR7vO0qp2iZF9E,Kutt Calhoun
1PnsxAfjwnxNODAaKTu8VO,Big Scoob
4NSyPddPUVUfPVMiBn9UAg,Prozak
4UOlRVifrFdQHW9qu5ep8t,Tech N9ne Collabos
0jx4hPtb5enLdBDdHKuSgf,Kottonmouth Kings
0AoX5cRnGojriIX6lxmP0D,Blaze Ya Dead Homie
2aMAN8kMJ7eUOAuPUYOwI7,Twiztid
3USpNaxpX1iNqNnQWqg9ob,Mack 10
6NyJIFHAePjHR1pFxwisqz,Kurupt
51FyBBOW464toW099BsW8z,Tha Eastsidaz
0b2XeWDPeBiLeskT6RFqMb,DJ Quik
76fO70b6BK2xt3UVOe4BIZ,Thug Life
246dkjvS1zLTtiykXe5h60,Post Malone
7iZtZyCzp3LItcw1wtPI3D,Rae Sremmurd
7pFeBzX627ff0VnN6bxPR4,Desiigner
1zNqQNIdeOUZHb8zbZRFMX,Swae Lee
6extd4B6hl8VTmnlhpl2bY,Huncho Jack
6i392l38cR3uBPF0DbNs7S,Quality Control
0NWbwDZY1VkRqFafuQm6wk,Mike WiLL Made-It
2RDOrhPqAM4jzTRCEb19qX,Sheck Wes
2I9SLklAOG0vdMiUUMNxRl,88GLAM
1pPmIToKXyGdsCF6LmqLmI,Rich The Kid
1MXZ0hsGic96dWRDKwAwdr,Tyla Yaweh
04ei5kNgmDuNAydFhhIHnD,Landon Cube
0H39MdGGX6dbnnQPt6NQkZ,SAINt JHN
2HUwZ0kumzCSlhFcjFZfpp,Flipp Dinero
0JOxt5QOwq0czoJxvSc5hS,GASHI
5zctI4wO9XSKS8XwcnqEHk,Lil Mosey
0vRvGUQVUjytro0xpb26bs,Arizona Zervas
5lCY3tqdQxbeg5igSlObaT,Nebu Kiniza
61qMnYXa1GxSBoV3IiYKjZ,Yung Pinch
45m1IiS45uD1HcPlYkNWKj,A$AP ANT
0A0FS04o6zMoto8OKPsDwY,YG
0tPjSrb43a58uznKru1k2P,A$AP Twelvyy
3Fdm9TFJQCLmC3AWMuGExi,Ugly God
6Av6GMCOznZIlHuNcBWgf4,Jay Critch
6AUl0ykLLpvTktob97x9hO,Tee Grizzley
2HWXxzgBIr0RMSZmvMZeJU,Almighty Jay
0iEtIxbK0KxaSlF7G42ZOp,Metro Boomin
7rkW85dBwwrJtlHRDkJDAC,NAV
2tIP7SsRs7vjIcLrU85W8J,The Kid LAROI
0X3nsc84A9qlFilmlWNwQb,Scorey
6AgTAQt8XS6jRWi4sX7w49,Polo G
4Ga1P7PMIsmqEZqhYZQgDo,Lil Tecca
1cNDP5yjU5vjeR8qMf4grg,YNW Melly
6ASri4ePR7RlsvIQgWPJpS,iann dior
6MPCFvOQv5cIGfw3jODMF0,Internet Money
0Yr4BBpK2dkCp2UsrJ9LZN,Bankrol Hayden
3gGUMEwIX6XodWsYEvKSal,YBN Nahmir
3Nrfpe0tUJi4K4DXYWgMUX,BTS
0b1sIQumIAsNbqAoIClSpy,j-hope
3JsHnjpbhX4SnySpvpa9DK,V
2auC28zjQyVTsiZKNgPRGs,RM
1kfWoWgCugPkyxQP8lkRlY,Jackson Wang
2FLqlgckDKdmpBrvLAT5BM,Eric Nam
6y9nlaoynxSvoTGY09Vdcy,WOODZ
1wKpMkucynaTfG8lyPprYV,PENTAGON
13rF01aOogvnkuQXOlgTW8,TAEMIN
7bmYpVgQub656uNTu6qGNQ,Hwa Sa
4TnGh5PKbSjpYqpIdlW5nz,Monsta X
5na1LmEmK2VzNLje9snJYW,The Rose
1mORehSVEd7lcaT2d7Sl2K,SURAN
5vV3bFXnN6D6N3Nj4xRvaV,JIN
51sg5jUqKu2tkbmPlwPrNH,BTS World
6HaGTQPmzraVmaVxvz6EUc,Jung Kook
3E0zmIZJN85yOovfGHoH8k,BTS Island: In the SEOM
25KT93FeotUTHC1dbLasxi,A.C.E
3ytV7vc4ZuwGgwaOuWvkk8,MINO
7f4ignuCJhLXfZ9giKT7rH,NCT 127
1gBUSTR3TyDdTVFIaQnc02,NCT DREAM
48eO052eSDcn8aTxiv6QaG,NCT
7nqOGRxlXj7N2JYbgNEjYH,SEVENTEEN
3paGCCtX1Xr4Gx53mSeZuQ,NCT U
0CmvFWTX9zmMNCUi6fHtAx,THE BOYZ
5TnQc2N1iKlFjYD7CPGvFc,DAY6
6nfDaffa50mKtEOwR8g4df,GOT7
2dIgFjalVxs4ThymZ67YCE,Stray Kids
2YXlVLKq3X3soXd2aXUtIT,JAMIE
2ZmXexIJAD7PgABrj0qQRb,N.Flying
7LOmc7gyMVMOWF8qwEdn2X,SF9
1sjw4xq2pAWy5Vdgba5QAt,Henry
0ziR2zN0NFcB4x1G3P8cW3,VICTON
5zShiwTHlygdfsXj6eavTu,Golden Child
1pXX6uuufA0Zrk4Ksuh4nv,Jus2
0yvw5zYym2ZnM2vngHvfWW,JJ Project
5DuzBeOgFwViFcv00Q5PFb,WINNER
0eEhOgZ2x6kv8kLz77WO7b,ONF
1vyhD5VmyZ7KMfW5gqLgo5,J Balvin
3PAwspMN27PDm81WwXDsMf,Reykon
4uRH0vTYaGWjG1MK8K8RPE,Dragon & Caballero
0nqpXa8bkBlWgS9FKhNCuj,Golpe a Golpe
2xmhyxkjpGNBeWXVMeVWHb,Rayo & Toby
6tYuW96NhiYI3sAxEDsqK4,Pasabordo
1ykothWH0xl8drRyJWuw7I,Ñejo & Dalmata
3jGlU8UMMo44I2xeLQ6FD3,Dalmata
2DP9xStkVVv753RBiEHXQB,Alkilados
3ptY5WTxu77JpAQQnHyxEl,Yandar & Yostin
4mZ4qW2RrJS1nmHvltMvJ2,Bonka
4RXxwBtdt6k1YNyyAyiOng,Pipe Bueno
1r4hJ1h58CWwUQe3MxPuau,Maluma
2OnKRchqP7tT0FzTvWIFI7,Wolfine
5DUlefCLzVRzNWaNURTFpK,Cali Y El Dandee
329e4yvIujISKGKz1BZZbO,Farruko
3EiLUeyEcA6fbRPSHkG5kb,De La Ghetto
6XFITTl7cFTdopDY3lUdlY,J Alvarez
3E6xrwgnVfYCrCs0ePERDz,Wisin
00me4Ke1LsvMxt5kydlMyU,Cosculluela
2OHKEe204spO7G7NcbeO2o,Ñejo
21451j1KhjAiaYKflxBjr1,Zion & Lennox
4IMAo2UQchVFyPH24PAjUs,Jowell & Randy
3YXpTiyVmYCfANOlnWv6vr,Trebol Clan
3LKXWvXFWrkwUzJWxzwVpW,Tony Dize
4SsVbpTthjScTS7U2hmr1X,Arcangel
1pgDilWYDWLoOgGjf1iHNu,Zion
7tU1VKOuxiNZwBZC6RHidA,Alexis y Fido
2ydZrTy8U3kOMOzx20s3dg,DJ Nelson
5pZE9tgrhmIGWAsJZ7YxNK,Luny Tunes
1SupJlEpv7RS2tPNRaHViT,Nicky Jam
0eHQ9o50hj6ZDNBt6Ys1sD,Yandel
5hhclzZsaNfmBh0eQI44JQ,Magnate Y Valentino
3mqvfyOtukTRmUkZHuP1ed,Erre XI
7zLcnirfgw1VEHHshuGcDR,Eddie Dee
5mgqYTU6dhKlEdi7DOy4uU,Alberto Stylee
3Okcq0dqLVlEFHRZ5t22bA,Voltio
3IEvQoAohcGX7CdrbtIle7,Baby Rasta & Gringo
6ZK8loFAzWKSFe3b7Lrq4V,Nova y Jory
5aB4SpKYteOJ8pAleoKkg7,Hector & Tito
2RbTV4rZYfdNkxFE9SSdG3,NEJO
5K4W6rqBFWDnAN6FQUkS6x,Kanye West
0Y4inQK6OespitzD6ijMwb,Freddie Gibbs
2J257euzcjnDLipsyJH3F2,Clipse
18HVMQsV3tINaTyzT5UIjH,CyHi
6X8WdFjrNhXATMDSs26aCc,Curren$y
0TkqXdyWLsssJH7okthMPQ,Jay Electronica
0g9vAlRPK9Gt3FKCekk4TW,Ab-Soul
3kf0gOpxWtkyeMNJVDQPtd,Smoke DZA
7aA592KWirLsnfb5ulGWvU,Danny Brown
415rtLOb1FDKZAxo1IJ1hW,WZRD
01QTIT5P1pFP3QnnFSdsJf,Lupe Fiasco
3A5tHz1SfngyOZM2gItYKu,Earl Sweatshirt
68kEuyFKyqrdQQLLsmiatm,Vince Staples
2P5sC9cVZDToPxyomzF1UH,Joey Bada$$
1dqGS5sT6PE2wEvP1gROZC,Flatbush Zombies
3s8alQfNnY0roAHaJh7Xxt,Dom Kennedy
7a9KRWdaSZktpGGnWndzbC,Black Hippy
2h93pZq0e7k5yf4dywlkpM,Frank Ocean
73sIBHcqh3Z3NyqHKZ7FOL,Childish Gambino
4V8LLVI7PbaPR0K2TGSxFF,"Tyler, The Creator"
5xpkLC1MxiPRiIJUDEzuVm,Odd Future
1Bl6wpkWCQ4KVgnASpvzzA,BROCKHAMPTON
07EcmJpfAday8xGkslfanE,Kevin Abstract
6vHBuUxrcpn1do5UaEJ7g6,Domo Genesis
7BMccF0hQFBpP6417k1OtQ,Action Bronson
4fpwOzxFRMVGfd197dKIdY,Boldy James
6aaMZ3fcfLv4tEbmY7bjRM,Isaiah Rashad
1anyVhU62p31KFi8MEzkbf,Chance the Rapper
5M0lbkGluOPXLeFjApw8r8,DRAM
0ojcq9LJQWMawQdFDw3M0L,Donnie Trumpet & The Social Experiment
7Hjbimq43OgxaBRpFXic4x,Saba
1EpyA68dKpjf7jXmQL88Hy,Noname
07d5etnpjriczFBB8pxmRe,BJ The Chicago Kid
1FvjvACFvko2Z91IvDljrx,Mick Jenkins
0oBsnAC3fzYkTHF3bkfNx6,Phony Ppl
5CCrgHVEWtg8YTEn1UaYug,MellowHype
4bbjivSh1oG4NOc7uYHfw5,Lil B
6yR6M6V6I7GhhYf6A7Wif9,SpaceGhostPurrp
5RADpgYLOuS2ZxDq7ggYYH,Death Grips
6qqNVTkY8uBg9cP3Jd7DAH,Billie Eilish
5mlbvTfWUOfDrUIK6dkNzv,Poppy
0wnYgCeP013HkKoOyC5V32,Allie X
6CwfuxIqcltXDGjfZsMd9A,MARINA
0e86yPdC41PGRkLp2Q1Bph,Mother Mother
6blEmsLU25ewy8hHtgZaSL,Jazmin Bean
6P5NO5hzJbuOqSdyPB7SJM,Ashe
5vBrKGOjN10BMwB0cJADj4,bülow
2G8UkPZnQ8i78L8TfqP1X6,Christian Leave
6beUvFUlKliUYJdLOXNj9C,King Princess
2WzaAvm2bBCf4pEhyuDgCY,Ruth B.
7Lk9V7E1u5gqSHmtcKlOqH,Sara Kays
0HthCchcL0kVLHTr113Vk1,mxmtoon
4tuJ0bMpJh08umKkEXKUI5,Gracie Abrams
5bmqhxWk9SEFDGIzWpSjVJ,THE DRIVER ERA
0tRFWXqKBBQcu5oFVOgVzX,Jaira Burns
4WmAQDrrYtyygkRlm6VTtB,Gabbie Hanna
7nnTzZ5tZrPx14iDnmjksU,Zolita
245PKF3hKjtxJKIG153kF0,Kailee Morgue
1eMmoIprPDWeFdB1FxU6ZV,Au/Ra
5qa31A9HySw3T7MKWI9bGg,FLETCHER
2AmfMGi3WZMxqFDHissIAe,The Aces
06vRrrjT3DBRkhBlXoBdYj,Lauren Sanderson
4QFHHdZkeqmneDQqKIjAN8,Donna Missal
4NZvixzsSefsNiIqXn0NDe,Maggie Rogers
3uwAm6vQy7kWPS2bciKWx9,girl in red
0ZUvK7zGdXLd78mQr3t1Tw,Ricky Montgomery
35l9BRT7MXmM8bv2WDQiyB,beabadoobee
0qZyvjwZauLmrobrpJmvib,"Dream, Ivory"
1vkWdqcabQ1swciXipkLBj,awfultune
21TinSsF5ytwsfdyz5VSVS,dodie
3P4vW5tzQvmuoNaFQqzy9q,chloe moriondo
2vnB6tuQMaQpORiRdvXF9H,Beach Bunny
6rniTPs9zN26kYnkPdFl1U,Sir Chloe
3l0CmX0FuQjFxr8SK7Vqag,Clairo
4u5smJBskI6Adzv08PuiUP,Kiiara
45dkTj5sMRSjrmBSBeiHym,Tate McRae
2y9j8qUwBMGPYPQJJxmYzD,Anna Clendening
5IH6FPUwQTxPSXurCrcIov,Alec Benjamin
4xnihxcoXWK3UqryOSnbw5,Sasha Alex Sloan
4MCBfE4596Uoi2O4DtmEMz,Juice WRLD
1iJdyDcY98X3GMnUesl7tf,Comethazine
2ODbg2404zUzTi02qIPEjB,Tay-K
3EIX8WuD9ybB4ruz0MSilB,Lil Gnar
57SA5Qv24Vydwd6bJnV8fI,Kid Trunks
6WkUZyqghQei2G809wMKuZ,Yung Bans
3Fl1V19tmjt57oBdxXKAjJ,Blueface
7GuUYiGZOzQwq4L6gAfy1T,SahBabii
757aE44tKEUQEqRuT6GnEB,Roddy Ricch
0huGjMyP507tBCARyzSkrv,Cordae
7meyrw7Or5DwteYxDJrkCM,YK Osiris
4r63FhuTkUYltbVAg5TQnk,DaBaby
2SJhf6rTOU53g8yBdAjPby,SoFaygo
21dooacK2WGBB5amYvKyfM,Smokepurpp
5yPzzu25VzEk8qrGTLIrE1,Young Nudy
7wlFDEWiM5OoIAt8RSli8b,YoungBoy Never Broke Again
6Xgp2XMz1fhVYe7i6yNAax,Trippie Redd
4O15NlyKLIASxsJ0PrXPfz,Lil Uzi Vert
4IprNlQiJZUUJhDl0fL2SL,Quando Rondo
0qpRQJnULShIWFKhcW5pce,Joey Trap
392I9I5QMSyoA0FmI5pVfx,Yung Tory
3M1quhETLChtt9NHKVaajX,Quin Nfn
4gzpq5DPGxSnKTe4SA8HAU,Coldplay
53A0W3U0s8diEn9RhXQhVz,Keane
2QLe6Hv3OunsyrNaTRDxQn,Tom Chaplin
3bUwxJgNakzYKkqAVgZLlh,Travis
3rIZMv9rysU7JkLzEaC5Jp,Snow Patrol
0G8zjE6SsFTlbglCkU8pm3,Starsailor
18Zv2g2vUcEGqJf6WnjfXN,Brandon Flowers
21UJ7PRWb3Etgsu99f8yo8,Stereophonics
2cGwlqi3k18jFpUyTrsR84,The Verve
1HGTHrRQkw0BtevSo1jucU,Richard Ashcroft
74K7bX12L8GBAWvPuyIgJ7,Embrace
766wIvoqqGrjRDnExOjJls,Thirteen Senses
5Pwc4xIPtQLFEnJriah9YJ,OneRepublic
0zOcE3mg9nS6l3yxt1Y0bK,The Fray
3AQRLZ9PuTAozP28Skbq8V,The Script
0MlOPi3zIDMVrfA9R04Fe3,American Authors
04gDigrS5kc9YWfZHwBETP,Maroon 5
5DYAABs8rkY9VhwtENoQCz,Gavin DeGraw
6p5JxpTc7USNnBnLzctyd4,Phillip Phillips
53XhwfbYqKCa1cC15pYq2q,Imagine Dragons
0RpddSzUHfncUWNJXKOsjy,Neon Trees
6GpcBKNmZDIrRzYkPJu7Wd,flora cash
26GHRG8x1F4AzbCKzUaIbw,Aquilo
0MmnmsAuQKRFpo6vJElcaU,Amber Run
3UAk61T8PItbpgEi9u7ofY,Andrew Belle
4Ly0KABsxlx4fNj63zJTrF,Seafret
4BxCuXFJrSWGi1KHcVqaU4,Kodaline
6QrQ7OrISRYIfS5mtacaw2,Jaymes Young
6AyATGg7mDgBlZ4N5uNog0,SYML
4qWnlmXWuGv2TtuxtIWlJX,BANNERS
4DX2G1URzfEiRg2wBfv4ub,Hudson Taylor
3NPpFNZtSTHheNBaWC82rB,X Ambassadors
7jLSEPYCYQ5ssWU3BICqrW,Picture This
0MeLMJJcouYXCymQSHPn8g,Sleeping At Last
3w6zswp5THsSKYLICUbDTZ,Gabrielle Aplin
2DaxqgrOhkeH0fpeiQq2f4,Oasis
6sN51vEARnAAdBw1IKZ8Q9,Liam Gallagher
7MhMgCo0Bl0Kukl93PZbYS,Blur
1lYT0A0LV5DUfxr6doRP3d,The Stone Roses
5yBDILLJyNFAjFpECkk7ys,Beady Eye
5vIOGcdmx1eIkq3ZtuS12U,Ocean Colour Scene
0sHeX8oQ6o7xic3wMf4NBU,Supergrass
7sjttK1WcZeyLPn3IsQ62L,Noel Gallagher's High Flying Birds
3FUY2gzHeIiaesXtOAdB7A,Train
2PCUhxD40qlMqsKHjTZD2e,Parachute
7FgMLbnZVrEnir95O0YujA,Five For Fighting
1g1yxsNVPhMUl9GrMjEb2o,Plain White T's
3whuHq0yGx60atvA2RCVRW,Olly Murs
5PokPZn11xzZXyXSfnvIM3,Lifehouse
61YE3whKiuRr83j1yOm5M7,Augustana
3aBkeBhwadnWMWoVJ2CxJC,Rob Thomas
6Hizgjo92FnMp8wGaRUNTn,Vertical Horizon
2sil8z5kiy4r76CRTXxBCA,The Goo Goo Dolls
3Ngh2zDBRPEriyxQDAMKd1,Matchbox Twenty
0ekbDNE2eOq8QiaXM34wer,Howie Day
10exVja0key0uqUkk6LJRT,Vance Joy
16oZKvXb6WkQlVAjwo2Wbg,The Lumineers
3gd8FJtBJtkRxdfbTu19U2,Mumford & Sons
5sXaGoRLSpd7VeyZrLkKwt,Gregory Alan Isakov
0n94vC3S9c3mb2HyNAOcjg,The Head And The Heart
79hrYiudVcFyyxyJW0ipTy,The Paper Kites
7EGwUS3c5dXduO4sMyLWC5,Houndmouth
2FXC3k01G6Gw61bmprjgqS,Hozier
4dwdTW1Lfiq0cM8nBAqIIz,Of Monsters and Men
2ysnwxxNtSgbb9t1m2Ur4j,George Ezra
77BznF1Dr1k5KyEZ6Nn3jB,Vancouver Sleep Clinic
6M2wZ9GZgrQXHCFfjv46we,Dua Lipa
4ScCswdRlyA23odg9thgIO,Jess Glynne
4m4SfDVbF5wxrwEjDKgi4k,Cher Lloyd
1BhWF9W2PngtPSyobKg0rP,Pia Mia
15qI5w4XJFLRMwOp2VrlD5,The Saturdays
4NHQUGzhtTLFvgF5SZesLK,Tove Lo
64M6ah0SkkRsnPGtGiRAbb,Bebe Rexha
66TrUkUZ3RM29dqeDQRgyA,Ella Eyre
1MIVXf74SZHmTIp4V4paH4,Mabel
7sfgqEdoeBTjd8lQsPT3Cy,Emeli Sandé
3EBRANWwnViQuBrImN61Z1,Pixie Lott
4KJ6jujcNPzOyhdNoiNftp,lovelytheband
1qGohIp3a4kh1Euymx0pyL,Ocean Park Standoff
6Xa4nbrSTfbioA4lLShbjh,Grizfolk
1Tdg7NIdyWx9icE2GNZzxk,SAINT PHNX
716ZwtZBmwROBXcFmCzfdM,Andrew McMahon in the Wilderness
6ZUjdwG0NvY6MT7vvmluhV,Young Rising Sons
7EQ0qTo7fWT7DPxmxtSYEc,Bastille
6DIS6PRrLS3wbnZsf7vYic,WALK THE MOON
6AGUQK1EWK6nvN4pLIDQDQ,The Mowgli's
5gXNY1o9BtajaZfYJVXQrv,Other People's Heartache
6VxCmtR7S3yz4vnzsJqhSV,Sheppard
5SHxzwjek1Pipl1Yk11UHv,Tom Grennan
4njdEjTnLfcGImKZu1iSrz,AWOLNATION
5tFRohaO5yEsuJxmMnlCO9,Barns Courtney
4AcHt3JxKy59IX7JNNlZn4,Fitz and The Tantrums
5ApQnMT6oR8eLguf24xb9S,Foreign Air
7LIy7KinYq7a83dUH6kvxT,Zayde Wølf
3RbyaF3Pq6iDUKNp04AIcU,New Politics
42crL07E4WPfVovyUtMpvC,Robert DeLong
42vg2T0Xg9yPaAgogJzoQH,Atlas Genius
4j56EQDQu5XnL7R3E9iFJT,Young the Giant
0L8jXe7QeS9oYUoXbANmX4,Jukebox The Ghost
6ejhZKxWJr9apHAzj74DHv,Magic Man
3kVUvbeRdcrqQ3oHk5hPdx,Grouplove
3YQKmKGau1PzlVlkL1iodx,Twenty One Pilots
7gP3bB2nilZXLfPHJhMdvc,Foster The People
0Raaw7kr1Vzat4ZvHzjsJR,I DONT KNOW HOW BUT THEY FOUND ME
20JZFwl6HVl6yg8a4H3ZqK,Panic! At The Disco
7sOR7gk6XUlGnxj3p9F54k,half•alive
1dWEYMPtNmvSVaDNLgB6NV,Saint Motel
2q3GG88dVwuQPF4FmySr9I,The Score
1sYbTp9AgWvJb0mJBAB6eP,Valley Of Wolves
4aN7T7NNFFMRJgVbRPne8q,Bohnes
4fClmcYOLFAp5rrKUqLHAI,JAXSON GAMBLE
3p5nfUyEYsxx8izMCym07n,Oh The Larceny
6g878dtAhjegRHVe5X0ALf,Bryce Fox
7ymrIsmp4vE7vAtcS12J4D,Adam Jensen
721Thvnq29Or9LXUyfF75c,UNSECRET
4hwJwkgsufeilLXS1ZfJqq,The Unlikely Candidates
7qTUKYzO77RvL1Kxie0xUO,Dead Posey
7z2avKuuiMAT4XZJFv8Rvh,Tom Walker
47mIJdHORyRerp4os813jD,League of Legends
707cnVfI3ISM4j5uzfTc7J,Hidden Citizens
4SGDDnlwi5G42HTGzYl2Fc,2WEI
73jlPRxT7z5xk29sMqFDjU,Tommee Profitt
3C0PKxcP1f25siYFYiyHa1,Damned Anthem
2qcGTB5s2t9o2w9SrI719s,Pentakill
4gOc8TsQed9eqnqJct2c5v,K/DA
70TsVY28EcEUYSGG5Yw7mp,Sam Tinnesz
7xX15v6ahAkcT14kHfB9wB,True Damage
57nPqD7z62gDdq37US9XJR,Arcane
4TqlcgMFDryY96KWcvrhTv,Seraphine
15UsOTVnJzReFVN1VCnxy4,XXXTENTACION
2rhFzFmezpnW82MNqEKVry,Ski Mask The Slump God
1m7LSAMIB1BErIHYSOn32W,DJ Scheme
5TbLOwv8BNnik3f03NZJlt,TOKYO’S REVENGE
7502fDxg339jvGV08Jd4R0,Jasiah
5IbEL2xjRtKsunfmsahLuO,$NOT
1vb1XqzyNMQ16BqbxRz5BV,Wifisfuneral
0O1cTzccAEKaEFShgzAK9V,Bass Santana
5bCwYvvFvWOEXtO9W7p0Iv,Craig Xen
19uEVh7y7Y9RfjMphMamXc,Cooliecut
3uo0ix4Y67XHVWBhXXIY1S,Xavier Wulf
2lumbRIs61wTw0biiIAUDI,Fukkit
7d3WFRME3vBY2cgoP38RDo,Lil Skies
4VQjfdCN5W8jvwy4AvEnin,Sad Frosty
26LmKYZRstUUMu2LC2xen9,Zotiyac
33r8rPgsHXfVN1r3adlrWw,Papithbk
4sADZZMvbgQIsCCkmqUYF8,Seon
5yXMtEjaBVEtGSyICT1w2b,me7k
2zhgWhhKeDGw6gGd16y7tc,Drex Carter
0inkJpjAKDnQOv2VHBCU0Z,SadBoyProlific
5fSVkkuijRIpxuvSqysYiP,Snøw
2FcgwIGEPmPyItFPscscDO,Vluestar
1pTsdH9YGY5SYSDjPkMca3,Trick James
1Pq3b64hsWb48FjFPfV5aq,Presence
0E1HulHZpqPQBOA8isuQ7a,Skinny Atlas
3O7oOXK7KPniAPEUorctsi,Sarah Meow
1phfTBIocBW3UwqcYjaEN6,Mike Bahía
7qYeIN2r4H1kBvr0Gm9Iav,Randy
7awyvLSthqOcL5A3hnR1pf,Alex Gargolas
63XBtGSEZINSyXylZxEUbv,Victoria Monét
0jUQSUOcM7lxVn5eVGTkzQ,Justine Skye
4k3yrCOPB5wp2ne8R9MQoM,Janine
0AsThoR4KZSVktALiNcQwW,Chloe x Halle
2cWZOOzeOm4WmBJRnD5R7I,Normani
3nViOFa3kZW8OMSNOzwr98,Queen Naija
1mKtlPrXjWK6oIdk9cSOjs,Asiahn
16rCzZOMQX7P8Kmn5YKexI,Mahalia
57LYzLEk2LcFghVwuWbcuS,Summer Walker
1CoZyIx7UvdxT5c8UkMzHd,Jorja Smith
7JwNWaTv4y9WNJCihQFHpv,alayna
0NIIxcxNHmOoyBx03SfTCD,Tinashe
2EcDZA7LVlXzUhOqYzhNGK,Rendezvous At Two
6tUJpYN2aYiXbzAcg0pIOo,Sinéad Harnett
4fJsnm9CeDAPrwO4MAEToj,Dounia
63bCkf4n15jiKjHhLV7kSZ,Niykee Heaton
1cWyN6TA0n4j9JtqI0sOpt,TeaMarrr
4o4tLTIJ3eWMFerz73atcT,Qveen Herby
0XIKGBo9PnK1ApI5tZA60d,DaniLeigh
1ShZZUjkbXCjhwrb18BA8I,Bryce Vine
6PFcrRZezCL5p9A0nwb7ki,Anthony Russo
5i4BaWy8YIun1u3RXwmlWn,gianni & kyle
7naAJDAh7AZnf18YYfQruM,Christian French
2o8lOQRjzsSC8UdbNN88HN,mansionz
20WmX0l9JgOpehDOAXY6iO,Souly Had
4BzCdhJTyTS3gumq9xmymb,ayokay
6YxrfNCKBcQlbITpmDLErL,Xuitcasecity
3ApUX1o6oSz321MMECyIYd,Quinn XCII
5pKCCKE2ajJHZ9KAiaK11H,Rihanna
0hCNtLu0JehylgoiP8L4Gh,Nicki Minaj
5yG7ZAZafVaAlMTeBybKAL,Iggy Azalea
3r17AfJCCUqC9Lf0OAc73G,Fergie
4kYSro6naA4h99UJvo89HB,Cardi B
7DuTB6wdzqFJGFLSH17k8e,Bhad Bhabie
2NdeV5rLm47xAvogXrYhJX,Ciara
7gRhy3MIPHQo5CXYfWaw9I,Azealia Banks
40xbWSB4JPdOkRyuTDy1oP,Nicole Scherzinger
4yiQZ8tQPux8cPriYMWUFP,Gwen Stefani
1vkJFCwstOoJO7yQ4lTtLK,Paris Hilton
6wPhSqRtPu1UhRCDX5yaDJ,The Pussycat Dolls
7o95ZoZt5ZYn31e9z1Hc0a,Natasha Bedingfield
085pc2PYOi8bGKj0PNjekA,will.i.am
26dSoYclwsYLMAKD3tpOr4,Britney Spears
4hqDqHtBlgxXpLXVYf7c8L,Ashlee Simpson
2AQjGvtT0pFYfxR3neFcvz,Jordin Sparks
6vWDO969PvNqNYHIOW5v0m,Beyoncé
4fpTMHe34LC5t3h5ztK8qu,The Carters
3DiDSECUqqY1AuBP8qtaIa,Alicia Keys
2auiVi8sUZo17dLy1HwrTU,Solange
1Y8cdNmUJH7yBTd9yOvr5i,Destiny's Child
3AuMNF8rQAKOzjYppFNAoB,Kelly Rowland
35GL8Cu2GKTcHzKGi75xl5,Jennifer Hudson
4vRSocKbGh7PsQrYRDVMEF,Lindsay Lohan
2S9W9aSAd7e5mp8WqWxN2h,Hilary Duff
0cQbJU1aAzvbEmTuljWLlF,No Doubt
1l7ZsJRRS8wlW3WfJfPfNS,Christina Aguilera
31TPClRtHm23RisEBtV3X7,Justin Timberlake
2jw70GZXlAI8QzWeY2bgRc,Nelly Furtado
1yxSLGMDHlW21z4YXirZDS,Black Eyed Peas
5xuNBZoM7z1Vv8IQ6uM0p6,JoJo
05oH07COxkXKIMt6mIPRee,Brandy
4eAOcbAXIF4BmbN6E1QIlw,Christina Milian
08rMCq2ek1YjdDBsCPVH2s,Amerie
63wjoROpeh5f11Qm93UiJ1,Keri Hilson
0urTpYCsixqZwgNTkPJOJ4,Aaliyah
0TImkz4nPqjegtVSMZnMRq,TLC
6lHL3ubAMgSasKjNqKb8HF,Mýa
6nzxy2wXs6tLgzEtqOkEi2,Monica
1vfezMIyCr4XUdYRaKIKi3,Keyshia Cole
3amwMyDd1uxTBoUZlazZ9m,Brooke Candy
6veh5zbFpm31XsPdjBgPER,BIA
4PrinKSrmILmo0kERG0Ogn,Trina
0p4nmQO2msCgU4IF37Wi3j,Avril Lavigne
6tbjWDEIzxoDsBA1FuhfPW,Madonna
4NGiEU3Pkd8ASRyQR30jcA,Matt Nathanson
1Cq0LAHFfvUTBEtMPXUidI,O.A.R.
2NhdGz9EDv2FeUw6udu2g1,The Wanted
5xi3SZpllRPAkoPVbjB6nc,JLS
6mU8ucezzms5I2kNH6HNlu,Conor Maynard
3NyNPJaemMYsL14DK2tO01,Cheryl
2Ah7S4oLgEBYRbz2V0cZzU,Lawson
4phGZZrJZRo4ElhRtViYdl,Jason Mraz
39x8gyJjTHiBQklFgVJSV4,Eric Hutchinson
5zeCSgiRyezbfLiGOpKAsR,Tyrone Wells
6z29S0IoiBJpSMP8plyCj7,Jon McLaughlin
7xTcuBOIAAIGDOSvwYFPzk,Daniel Powter
0AvtzKTYleNqdJXoZasQWG,Stephen Speaks
0Y5tJX1MQlPlqiwlOH1tJY,Travis Scott
6I9TgZbapKRXsunA05fiPl,Fredo Santana
1bPxKZtCdjB1aj1csBJpdS,Lil Reese
1SncSgYiDk2kCBBaXIYcwd,Fat Trel
6aLoJJxz7MV2iZ423S8tJC,Doe Boy
5SyGEPymt1G2uto47tVWvZ,MadeinTYO
1Cs0zKBU1kc0i8ypK3B9ai,David Guetta
7CajNmpbOovFoOoasH2HaY,Calvin Harris
69GGBxA162lTqCwzJG5jLp,The Chainsmokers
23fqKkggKUBHNkbKtXEls4,Kygo
7f5Zgnp2spUuuzKplmRkt7,Lost Frequencies
4Q6nIcaBED8qUel8bBx6Cr,Jax Jones
6cEuCEZu7PAE9ZSzLLc2oQ,R3HAB
5ChF3i92IPZHduM7jN3dpg,Nicky Romero
5X4LWwbUFNzPkEas04uU82,DVBBS
53cQZtWDwDJwVCNZlfJ6Qk,Laidback Luke
1V3VTM7VspiQjcmRhC010n,Quintino
53YSn9tHwGJ6bq5P0gGoYo,Firebeatz
6xQvQwZQQuq9R3TdPNbcR8,Bassjackers
3XINWZaloea97SIRiyTJxX,DubVision
4D75GcNG95ebPtNvoNVXhz,Afrojack
2wX6xSig4Rig5kZU6ePlWe,KSHMR
4j5KBTO4tk7up54ZirNGvK,NERVO
1vCWHaC5f2uS3yhpwWbIA6,Avicii
4AVFqumd2ogHFlRbKIjp1t,Alesso
2qxJFvFYMEDqd7ui6kSAcq,Zedd
4sTQVOfp9vEMCemLw50sbu,Galantis
2XnBwblw31dfGnspMIwgWz,Axwell /\ Ingrosso
60d24wfXkVzDSfLS6hyCjZ,Martin Garrix
6BrvowZBreEkXzJQMpL174,Hardwell
5fahUm8t5c0GIdeTq0ZaG8,Otto Knows
20gsENnposVs2I4rQ5kvrf,Sam Feldt
3hyEbRtp617pNCuuQjyOmc,Lost Kings
64KEffDW9EtZ1y2vBYgq8T,Marshmello
4bL2B6hmLlMWnUEZnorEtG,Felix Jaehn
2o5jDhtHVPhrJdv3cEQ99Z,Tiësto
73jBynjsVtofjRpdpRAJGk,Dimitri Vegas & Like Mike
5wwneIFdawNgQ7GvKK29Z3,Lucas & Steve
4mHAu7NX2UNsnGXjviBD9e,Brooks
5KKpBU5eC2tJDzf0wmlRp2,RAYE
4EPJlUEBy49EX1wuFOvtjK,Becky Hill
0DdDnziut7wOo6cAYWVZC5,KREAM
6KImCVD70vtIoJWnq6nGn3,Harry Styles
0du5cEVh5yTK9QJze8zA0C,Bruno Mars
1KCSPY1glIKqW2TotWuXOR,P!nk
3BmGtnKgCSGYIUhmivXKWX,Kelly Clarkson
5lKZWd6HiSCLfnDGrq9RAm,Leona Lewis
21E3waRsmPlU7jZsS13rcj,Ne-Yo
20s0P9QLxGqKuCsGwFsp7w,Mario
7G6hXrjGpi6I7waNl4wxAk,J. Holiday
0f5nVCcR06GX8Qikz0COtT,Omarion
1Xfmvd48oOhEWkscWyEbh9,Lloyd
1W3FSF1BLpY3hlVIgvenLz,The-Dream
1goOx6gnQdUllLfSMsL4Rt,Marques Houston
5ndkK3dpZLKtBklKjxNQwT,B.o.B
4OBJLual30L7gRl5UkeRcT,T.I.
40giwFcTQtv9ezxW8yqxJU,Chiddy Bang
4IJczjB0fJ04gs4uvP0Fli,Gym Class Heroes
1S9WGrK7SZfXXQtHBYzDle,Sammy Adams
4VMYDCV2IEDYJArk749S6m,Daddy Yankee
4myAXQmMuS1lZe8T6Y7eBg,Yomo
26YAHs5On4KQDNsU2cYFdL,Casa De Leones
1K0lOPFlbPF3Volp5qIYNw,Jadiel
6p2442ymrT9lZEuCZJdYcH,Ivy Queen
0adUZVrjlyffZEwp9bCj4V,Magnate
3SUT1jjM5hzZj9TLfLZGIP,Tego Calderón
76whng5pl9msPkkjFUtWYn,Tempo
0rwGi85qFYUZjTt0wrvokT,Andy Boy
7keGfmQR4X5w0two1xKZ7d,Kungs
1L9i6qZYIGQedgM9QLSyzb,Klingande
3t5xRXzsuZmMDkQzgOX35S,Robin Schulz
721T2PETMLaAkijbYu05VD,Junge Junge
2YZyLoL8N0Wb9xBt1NhZWg,Kendrick Lamar
0eVyjRhzZKke2KFYTcDkeu,The Alchemist
5KNNVgR6LBIABRIomyCwKJ,Dermot Kennedy
1dfeR4HaWDbWqFHLkxsg1d,Queen
4M1FpEWs2PeYfJe7xxJfhH,Freddie Mercury
2NcbLU1bW55eahD0UgD7U3,Brian May
2PZEd7yktruWruOqORRChA,Roger Taylor
5Pc9LaRjxv3A8VTM1GsnQO,The Cross
56ktBbLLVKasUyp7bJ2tyk,Queen + Paul Rodgers
3d2pb1dHTm8b61zAGVUVvO,Mick Jagger
6DbJi8AcN5ANdtvJcwBSw8,Ringo Starr
6rqU9HQ57NYGBnBzbrY3a4,Paul Young
4gIdjgLlvgEOz7MexDZzpM,Status Quo
4x1nvY2FN8jxqAFA0DA02H,John Lennon
2RpHsROrX075xfIwHn6B2U,Chris de Burgh
7jefIIksOi1EazgRTfW2Pk,Electric Light Orchestra
6i6WlGzQtXtz7GcC5H5st5,10cc
5BcZ22XONcRoLhTbZRuME1,The Moody Blues
3HC7NcxQx2Yk0fWoRKJ0xF,Jefferson Starship
3JsMj0DEzyWc0VDlHuy9Bx,Supertramp
39T6qqI0jDtSWWioX8eGJz,The Doobie Brothers
4salDzkGmfycRqNUbyBphh,Styx
6clbbhnIqpHnqxwtOWcilg,Little River Band
2hO4YtXUFJiUYS2uYFvHNK,Traveling Wilburys
5q4AzEtCoYJyXjMMoEkSU5,Bachman-Turner Overdrive
0oSGxfWSnnOXhD2fKuz2Gy,David Bowie
42TFhl7WlMRXiNqzSrnzPL,Lou Reed
3dBVyJ7JuOMt4GE9607Qin,T. Rex
3fhOTtm0LBJ3Ojn4hIljLo,Roxy Music
33EUXrFKGjpUSGacqEHhU4,Iggy Pop
2x9SpqnPi8rlE9pjHBwmSC,Talking Heads
7MSUfLeTdDEoZiJPDSBXgi,Brian Eno
1nJvji2KIlWSseXRSlNYsC,The Velvet Underground
0RUEHcBiENFEqxgicqS2ig,The Stranglers
1SQRv42e4PjEYfPhS0Tk9E,The Kinks
67ea9eGLXYMsO2eYQRui3w,The Who
24Wa5wIZIo1sPkzVGP0B5p,Pete Townshend
2lxX1ivRYp26soIavdG9bX,The Yardbirds
74oJ4qxwOZvX6oSsu1DGnw,Cream
1CD77o9fbdyQFrHnUPUEsF,Traffic
1WRM9i067hd2ujxxi8FI3m,Steppenwolf
3ICflSq6ZgYAIrm2CTkfVP,The Animals
1YqGsKpdixxSVgpfaL2AEQ,Small Faces
2e53aHBQdCMKWqHDuyJsjC,Free
5bDxAyJiTYBat1YnFJhvEK,Joe Walsh
3PhoLpVuITZKcymswpck5b,Elton John
6zFYqv1mOsgBRQbae3JJ9e,Billy Joel
3iDD7bnsjL9J4fO298r0L0,Chicago
77tT1kLj6mCWtFNqiOmP9H,Daryl Hall & John Oates
3sFhA6G1N0gG1pszb6kk1m,Wings
35U9lQaRWSQISxQAB94Meo,America
2y8Jo9CKhJvtfeKOsYzRdT,Rod Stewart
5gxynDEKwNDgxGJmJjZyte,Steve Winwood
07XSN3sPlIlB2L2XNcTwJw,KISS
3EhbVgyfGd7HkpsagwL9GS,Alice Cooper
7b85ve82Sh36a3UAx74wut,Twisted Sister
1dLWg6m8RRhizsdqJbhyj3,Quiet Riot
4opTS86dN9uO313J9CE8xg,Skid Row
7HL4id2U7FSDJtfKQHMgQx,Cinderella
62olK5zZHSgFUXGDykgBL8,Ace Frehley
0cc6vw3VN8YlIcvr1v7tBL,Mötley Crüe
3BVkDHWRvLJEyKdvhLbjsq,W.A.S.P.
7HLvzuM9p11k9lUQfSM4Rq,Warrant
3tufWJzpCiAGleBt5TkmTn,Ratt
7Ey4PD4MYsKc5I2dolUwbH,Aerosmith
6h2bWHWTJL38N8dqocVaif,Jon Bon Jovi
3UbyYnvNIT5DFXU4WgiGpP,Whitesnake
1LB8qB5BPb3MHQrfkvifXU,Cheap Trick
2cnMpRsOVqtPMfq7YiFE6K,Van Halen
58lV9VcRSjABbAbfWS6skp,Bon Jovi
6H1RjVyNruCmrBEWRbD0VZ,Def Leppard
711MCceyCBcFnzjGY4Q7Un,AC/DC
0KyCXNSa7ZMb5LydfKbLG3,David Lee Roth
1hXjTjJzZTXDZ75AclOo6N,Sammy Hagar
6ZPbX2Lxd40e2UVkXpyxvI,Great White
09hNSPPOxDop4FRdr6UEnq,Dokken
0rvjqX7ttXeg3mTy8Xscbt,Journey
6IRouO5mvvfcyxtPDKMYFN,Foreigner
55vs7NT1KxcFjbMC4y202E,REO Speedwagon
1Ha0Fz4i0d4gu5fZbhBCtH,Night Ranger
29kkCKKGXheHuoO829FxWK,Boston
34jw2BbxjoYalTp8cJFCPv,Heart
26bcq2nyj5GB7uRr558iQg,Survivor
5xQKoGD7Ql92fWd1uWwKkf,Steve Perry
2CLVPk9FcywjClBcTvWPkT,Loverboy
4YfnJEbTz8QLD5FusYFwV6,Triumph
2m62cc253Xvd9qYQ8d2X3d,The Alan Parsons Project
3CkvROUTQ6nRi9yQOcsB50,Genesis
2utNxkLhreF1oIfO8kQT3q,Manfred Mann's Earth Band
3lHXm91pKLq9Sxi6CoRKWu,Roger Hodgson
6w6z8m4WXX7Tub4Rb6Lu7R,Jethro Tull
2hl0xAkS2AIRAu23TVMBG1,Kansas
7AC976RDJzL2asmZuz7qil,Yes
3nFkdlSjzX9mRTtwJOzDYB,JAY-Z
1MT1Wz4G9Z9EVOg4L5zZMS,Tamar Braxton
5tth2a3v0sWwV1C7bApBdX,Lil' Kim
6JkwVYzCLtt9ZwNNk6g7Th,Living Darian
7gSjFKpVmDgC2MMsnN8CYq,Jazmine Sullivan
4ULO7IGI3M2bo0Ap7B9h8a,Teyana Taylor
7xAcVHPiirnUqfdqo0USb1,Fantasia
5NDMothbpdpq2xHqSjrrWn,Faith Evans
3X458ddYA2YcVWuVIGGOYe,Toni Braxton
0le01dl1WllSHhjEXRl4in,Tamia
6vfR5QRc3xca0KvpG8KZBE,Teedra Moses
6zDBeei6hHRiZdAJ6zoTCo,Tweet
0IF46mUS8NXjgHabxk2MCM,Kelis
6AVLthptCPhfrxlHadOBJD,Jill Scott
7IfculRW2WXyzNQ8djX8WX,Erykah Badu
3IJ21966TwNZI24MwZHMu4,Baby Tate
6ueGR6SWhUJfvEhqkvMsVs,Janelle Monáe
1LzWWI9v4UKdbBgz8fqi15,Tayla Parx
2YFBOR9KIxC6WqHclkj9Yq,Keke Palmer
3FD9VAd0ppjmKbfxF4LzUh,Danity Kane
27FGXRNruFoOdf1vP8dqcH,Cassie
1c70yCa8sRgIiQxl3HOEFo,Cherish
4O2YL4ygn6eTBC0w1hyWUM,Melanie Fiona
4M6Z1wubeKtwPqbjJygTOc,Shontelle
601893mmW5hl1FBOykWZHG,Deborah Cox
3YJMzGjAm245zwJooY7PEj,Chrisette Michele
49FeZO3eSrJs7oH7lYLU1r,Kelly Price
0T5OJgMVjKIX3b3W3ekqOl,Rocko
6aIm51fHkokqlJn2vzNTH8,Webbie
3ZooCJzNMTLpmJaIRUEorI,Young Dro
36HvjE9pV91jEjO1qBRidS,B.G.
3D04N2X2w6vUGeyG94FBaY,Pastor Troy
3Y365ZqTf6fJ4ZcRnLKPGt,Gorilla Zoe
6vd2ks2rBpNPY4ebdEocpY,U.S.D.A.
0t5qZrvVCo9YIUT87SQrTn,OJ Da Juiceman
3jksrX4oBklxR78ft8gv3j,Plies
08Ld63UgKrJ0nZnCkzHtzc,Project Pat
1mceaxtjWdEmwoDVAlkC41,Zaytoven
7f35VZGDpomj11PXdNn5D9,Max B
0P8YNJXX7QeQ8iZIUCXJgi,The Diplomats
4ubKsFJjMgWkARG6w2Qlv8,Vado
1DvtabXAjfrMihPP6JQdHs,Shy Glizzy
3tJoFztHeIJkJWMrx0td2f,Moneybagg Yo
0RESbWvOMyua0yuyVrztJ5,Key Glock
5lHRUCqkQZCIWeX7xG4sYT,Rich Homie Quan
4cmA2QDPdzh8W2ytpyUGes,Young Scooter
5Berubt6ysOy2LCMyqhmXP,YFN Lucci
7FBDXY8U17aasVTH3rgxbS,Bankroll Fresh
7kwCkEJ384PWm0UQW3hxjS,Yella Beezy
0xTcxl35DKXUeYRWqY10w6,Peewee Longway
4SjND9kT6Ja5TSPZTyUUab,Starlito
7bXgB6jMjp9ATFy66eO08Z,Chris Brown
7dpKVB4mK3ufNdZOpMKtrd,DAY26
6dROiL44pIQZVNZ6Bc0OJO,Pleasure P
6XwcepfAsPhrvwziGxhwju,Pretty Ricky
4p07QU02SrLsaORo25h2Lg,Sammie
7Aq8lpLMSt1Zxu56pe9bmp,Jagged Edge
3sMYEBy0CZFxedcnm9i9hf,Frankie J
4HgF4KnohByNElYid7iCNb,Bobby V.
3s2wTjWxK8NOX09dmsvVOh,Chingy
7352aRY2mqSxBZwzUb6LmA,Bow Wow
51d3rUlLuMh7EW09aMe7yj,B2K
08p7B5OtcUuVblvkQIlBhJ,Tyrese
0AunegKKH2ys98aLxq8G1A,Avant
65OtBLtkrifQrdTlKI90IR,Elijah Blake
7vMpNua6oKT52WWHNUJ1No,Jonn Hart
6TrQLQR8tUluPbmdPy6jqY,ELHAE
2r8r62VGJKGi463aH1HJUZ,Kirko Bangz
756t7CBmWLNYsshVtS6P44,Tone Stith
3zOKGDS77tYdGFQ6UJMC4E,Ashton Irwin
45Dc572GdbJ6Guc8X3UW24,Mali-Koa
3Z40kLBFU7C8532e2YLE9t,Only The Poets
3vldh5Ceynytj6Iglw4haP,Tommy Lefroy
4LOM7NzyrZvlGSYPFDsnTk,Dylan
0nnYdIpahs41QiZ9MWp5Wx,Holly Humberstone
1KGcdM5KxCVydaHe29QAj9,Gatlin
3QaxveoTiMetZCMp1sftiu,Waterparks
2xW3pBjCngD69hC1wIUgjA,Axel Johansson
0xZvYTiM5QT94j1abOm0nC,Davai
3GtCKJA4SkOxN65MWjm82R,Hot Shade
2Tg0aF5cbZktYFzgR1iAKv,Julie Bergan
0pt7PX4Hftlg8mV1ySU84Q,CVBZ
1NyxTiCivDmzgFWYD1V01m,Justin Caruso
7hOGhpa8RMSuDOWntGIAJt,A R I Z O N A
1Eie0tY91rpi7Y0jtIOXzI,Wingtip
2KPQ6PYAZapLEwMmkzbQxC,Win and Woo
7xEFii6utZmQ61kX59HmLH,FRENSHIP
3v9wPA58IVrX2dg6AjSPgi,Virginia To Vegas
5CiGnKThu5ctn9pBxv7DGa,benny blanco
4LZ4De2MoO3lP6QaNCfvcu,Said The Sky
0P2bZXPyjHYRW4guHVAFl1,ARMNHMR
7d5SfGXKpgS3JK8BFIq59h,William Black
1ikID9RZZMvkuBGDWrqajq,Kasbo
7pyhre5oEEFMqcgMEvJY7q,Sky Ferreira
25uiPmTg16RbhZWAqwLBy5,Charli XCX
6oBm8HB0yfrIc9IHbxs6in,Lykke Li
0bdfiayQAKewqEvaU6rXCv,MØ
5r5Va4lVQ1zjEfbJSrmCsS,BROODS
6prmLEyn4LfHlD9NnXWlf7,Adam Lambert
1dIdBZaaHRW2bDTkHNfWln,The Veronicas
6OqhFYFJDnBBHas02HopPT,Kero Kero Bonito
5a2w2tgpLwv26BYJf2qYwu,SOPHIE
1PNvaesh1mkKZucGhBuqgD,Danny L Harle
3sXErEOw7EmO6Sj7EgjHdU,Hannah Diamond
335TWGWGFan4vaacJzSiU8,A. G. Cook
5T68nryXXOMNE2kVe61fKX,Namasenda
2KEqzdPS7M5YwGmiuPTdr5,Rina Sawayama
0aoBUiGI5wrK7DOWJAzAKe,Planet 1999
1KNXft7nnRQj82sENi7WGN,Sohodolls
3u6lPufHw4Oww6D88rv6sB,Penelope Scott
6TMGw1UYn6DFEtn2f9mv8J,Ayesha Erotica
5oFkj1qSlyBUmV5d6Edgtq,Cozz
59KQTERLpPa7M0F25fRH6V,Dinah Jane
7Gkyjs2OYQpJdOvvmwIz2Z,Pardison Fontaine
3u579Gdap91lMptBSdXTpf,Kash Doll
181bsRPaVXVlUKXrxwZfHK,Megan Thee Stallion
37hAfseJWi0G3Scife12Il,City Girls
2ExGrw6XpbtUAJHTLtUXUD,Stefflon Don
5hPcCMWgf6Qu9vUQVySwcY,Bali Baby
6apXk5PGvEVbgXOTyk6fP1,Molly Brazy
5J1JcdYCPj44YKz6kVA5wx,Maliibu Miitch
1nsdnHv49z0H5oPj3sJ3to,DreamDoll
3IhYHKVt0Q9vxCCwiCHahR,Queen Key
7gWumE1wMALHXANLSIt054,Dreezy
4guK7U9J36z76E1tWecJ0J,Asian Doll
32DuKytBMZn90iqyh2HEdc,Cuban Doll
6MoQZOH2KnQrJhVtO9VoXC,Cakes da Killa
0QJIPDAEDILuo8AIq3pMuU,M.I.A.
1kMPdZQVdUhMDKDWOJM5iK,Tkay Maidza
4SQdUpG4f7UbkJG3cJ2Iyj,Arca
7lsnwlX6puQ7lcpSEpJbZE,Kilo Kish
0DtXHIvJ8NWBg5pGvsgWnR,Leikeli47
1AHswQqsDNmu1xaE8KpBne,COBRAH
4dpARuHxo51G3z768sgnrY,Adele
5WUlDfRSoLAfcVSX1WnrxN,Sia
1moxjboGR7GNWYIMWsRjgG,Florence + The Machine
4xFUf1FHVy696Q1JQZMTRj,Carrie Underwood
5wugb0kaq0J6nyQ5Xgd17i,Aly & AJ
2WX2uTcsvV5OnS0inACecP,Birdy
46CitWgnWrvF9t70C2p1Me,Daughter
54T53xiM58rmjU9dbA2Lu8,Stuart Earl
07FfkbljNIdl45Ijlh1aXS,RHODES
1AgxgADPuRIW1wyaA4OKcB,Tom Rosenthal
5pDjmC5mRl7vDJhsjVwNfk,Freya Ridings
7H55rcKCfwqkyDFH9wpKM6,Christina Perri
6aZyMrc4doVtZyKNilOmwu,Colbie Caillat
2Sqr0DXoaYABbjBo9HaMkM,Sara Bareilles
4utLUGcTvOJFr6aqIJtYWV,Skylar Grey
7h4j9YTJJuAHzLCc3KCvYu,Kina Grannis
0CrCKxXekxMpkYfMEf8mca,Rebecca Ferguson
4fwuXg6XQHfdlOdmw36OHa,Paloma Faith
6yZoNdsPrYLviaEOOzbZt8,Alexandra Burke
2U6gqwyl9F33YxawnFrZG7,Will Young
1bT7m67vi78r2oqvxrP3X5,Naughty Boy
37NqXwtb6nIEqRt4EJSoIO,Duffy
3Vl9fyKMIdLMswk8ai3mm9,Rebecca Black
0t3QQl52F463sxGXb1ckhB,Betty Who
3WrFJ7ztbogyGnTHbHJFl2,The Beatles
7FIoB5PHdrMZVC3q2HE5MS,George Harrison
4STHEaNw4mPZ2tzheohgXB,Paul McCartney
3RTzAwFprBqiskp550eSJX,Harry Nilsson
0Lpr5wXzWLtDWm1SjNbpPb,Todd Rundgren
2s4tjL6W3qrblOe0raIzwJ,Yoko Ono
1PCZpxHJz7WAMF8EEq8bfc,The Byrds
6vLlQYujOujIrm7zAKzEdG,Donovan
4pJCawaKSZ40EnxN0YEYw3,Badfinger
3v4feUQnU3VEUqFrjmtekL,Faces
3bTAaMx9nf237AkBnGw3vL,Jeff Lynne
5QNeV0eXW8W8SVXeALkOpB,The Fireman
3oDbviiivRWhXwIE8hxkVV,The Beach Boys
6waa8mKu91GjzD4NlONlNJ,The Hollies
7i9m03TFsX9pDuP4CFDw3o,Keith Moon
0543y7yrvny4KymoaneT4W,Peter Frampton
320EPCSEezHt1rtbfwH6Ck,The Monkees
7CCn4PFRRRZF127jtCBAUe,The Lovin' Spoonful
1bs7HoMkSyQwcobCpE9KpN,The Mamas & The Papas
2jgPkn6LuUazBoBk6vvjh5,The Zombies
48YxSlb23RAaCd4RyHcV9V,Herman's Hermits
2kuNswDC82PL9xRbfaZJaS,The Association
01hRNr3yF5bYnPq4wZ88iI,Tommy James & The Shondells
4Q82S0VzF8qlCb4PnSDurj,Brian Wilson
57xdnSVt4ahJCIXYLieQ25,The Troggs
3i9hP422d2KMjaupTzBNVS,The Spencer Davis Group
5670CyWrIOA7702gNjsGMZ,Manfred Mann
4QmkLL9JOqM9dusHS1Hghe,The Searchers
3UmBeGyNwr4iDWi1vTxWi8,Gerry & The Pacemakers
2HBbky0Z08ZcCKVsXWbNE4,The Dave Clark Five
2VL8sLEJ6lHEwocjc1pN9w,The Tremeloes
74ASZWbe4lXaubB36ztrGX,Bob Dylan
4vpDg7Y7fU982Ds30zawDA,The Band
3mY9Ii0cL5SQxpOTAm8SHx,Warren Zevon
2CvCyf1gEVhI0mX6aFXmVI,Paul Simon
6v8FB84lnmJs434UJf2Mrm,Neil Young
5l8VQNuIg0turYE1VtM9zV,Leonard Cohen
2pdvghEHZJtgSXZ7cvNLou,"Crosby, Stills & Nash"
1CYsQCypByMVgnv17qsSbQ,"Crosby, Stills, Nash & Young"
08F3Y3SctIlsOEmKd6dnH8,Yusuf / Cat Stevens
3eskO5m0H4yiF64vRySBjr,Buffalo Springfield
0rESpKEusFHxhW59MIf7eM,The Flying Burrito Brothers
040Bv6cZTRh30LyyYVXgJX,Gene Clark
3Q6OOkfssqoMSTtl11J5Uk,Love
1yap1SgRPMxgyfrrDlQ95y,Emitt Rhodes
1KA3WXYMPLxomNuoE22LYd,Gram Parsons
22bE4uQ6baNwSHPVcDxLCe,The Rolling Stones
776Uo845nYHJpNaStv1Ds4,Jimi Hendrix
36QJpDe2go2KgaRleHCDTp,Led Zeppelin
22WZ7M8sxp5THdruNY3gXt,The Doors
1r1uxoy19fzMxunt3ONAkG,Phoebe Bridgers
3NBmfDV6Yh3hjuQUBVvYgO,Better Oblivion Community Center
12zbUHbPHL5DGuJtiUfsip,Julien Baker
6xdRb2GypJ7DqnWAI2mHGn,MUNA
07D1Bjaof0NFlU32KXiqUP,Lucy Dacus
3IunaFjvNKj98JW89JYv9u,The Japanese House
1Uk1GyijF6fSfX4mWq5bfR,Samia
6zcDLZ62JsbVM1nLrQMzi4,Lomelda
4wXchxfTTggLtzkoUhO86Q,Soccer Mommy
4nxKz1dRYXnsGzN1lUURtG,Leith Ross
4aKWmkWAKviFlyvHYPTNQY,Adrianne Lenker
3mIj9lX2MWuHmhNCA7LSCW,The 1975
2D4FOOOtWycb3Aw9nY5n3c,Declan McKenna
0YhUSm86okLWldQVwJkLlP,Bad Suns
6lcBiGiT3dlyDMjBBtfyfS,Vacation Manor
0ZxZlO7oWCSYMXhehpyMvE,COIN
6d4jrmreCmsenscuieJERc,The Band CAMINO
6fC2AcsQtd9h4BWELbbire,Peach Pit
1btWGBz4Uu1HozTwb2Lm8A,Hippo Campus
2eam0iDomRHGBypaDQLwWI,Bleachers
0szWPxzzE8DVEfXFRCLBUb,flor
7bcbShaqKdcyjnmv4Ix8j6,St. Vincent
13saZpZnCDWOI9D4IJhp1f,Lily Allen
3Bd1cgCjtCI32PYvDC3ynO,London Grammar
5vBKu1igxFo6g1sHADkIdg,Kate Nash
3iOvXCl6edW5Um0fXEBRXy,The xx
49Z1AvGeUaBSanPaOmplK6,Andrés Cepeda
39YL6FS5gUvd8DCTV9FfSP,Jerau
5ClJtuiNlr83ua45Dvpcf7,Santiago Cruz
0BkX3f2WgeqNgvulzPLc7R,Yelsid
7Cqqd8uYKo6L22O2W344CP,L'Omy
2wJhXMulep4to8JaxUYjeY,Jiggy Drama
1ackd5XprZEkH3McKbQD51,Juan Magán
30HlKUFTsqlFQsPfyv2yuM,Danny Romero
6EiZOxfG8B5evnLH4KnJeF,Dyland & Lenny
5NS0854TqZQVoRmJKSWtFZ,Chino & Nacho
1G89WXRVVAEjU4VIwgg6XD,Ventino
5H6xmHXjsq98NLbEjuE29f,NEIKED
0xu4jAQQv7ZAqvFGdc9HgP,Boy In Space
5jAMCwdNHWr7JThxtMuEyy,NOTD
7uaIm6Pw7xplS8Dy06V6pT,Trevor Daniel
1UUvXNGYI5Rib9vh2516FT,WRLD
3x3jSlhyv5CiCZDZlaTq0M,Pi’erre Bourne
0bZ9jANLkwEFVcSnHnwrpb,UnoTheActivist
5f7VJjfbwm532GiveGC0ZK,Lil Baby
6FqXAd1hQl7vVdIQ3hhtgc,D. Savage
5fBcVfTWenqUDOYR5SjzEQ,Duwap Kaine
6bVRNVg2f91pCAyKnrIOW0,ICYTWAT
2LakckgvXEtJlKOYP6BO11,Lancey Foux
5RMUeKq0dZxg9RHE1f0B9P,Tm88
2KZnZEjvAYOkl85rluwNP7,DP Beats
4hRL2QmahOYxXNmNKtG1AI,Valee
2J6pigOrBmKQgqJUY5UM7r,Matt Ox
699OTQXzgjhIYAHMy9RyPD,Playboi Carti
6XyY86QOPPrYVGvF9ch6wz,Linkin Park
4RddZ3iHvSpGV4dvATac9X,Papa Roach
2MqhkhX4npxDZ62ObR5ELO,Hoobastank
6B5c4sch27tWHAGdarpPaW,Seether
1E4r4z7ivGUcSAnCbINJ9v,Drowning Pool
5BtHciL0e0zOP7prIHn3pP,Breaking Benjamin
4IR8ZkpbyyKrqsIzchF3NB,Crossfade
70BYFdaZbEKbeauJ670ysI,Shinedown
2xiIXseIJcq3nG7C8fHeBj,Three Days Grace
7qAcXJgt1PWnxwUgxMdyuk,Sick Puppies
0REMf7H0VP6DwfZ9MbuWph,10 Years
0DrXhci3WAyo0WJv1RBOG6,12 Stones
1UdQqCUR7RwB9YYJONwbdM,Trapt
2RTUTCvo6onsAnheUk3aL9,3 Doors Down
21ALJSG7U07dShegeJQ2xA,TRUSTcompany
0EyuKHE1AeE9lWUF8mzKVp,Fuel
4nCzT3o7lMgCWBcmdwCMsT,Default
74eX4C98E4FCrAMl39qRsJ,Theory of a Deadman
502ZZTWlqgS1Ht62ewubEJ,Dead By Sunrise
01crEa9G3pNpXZ5m7wuHOk,Red
1KEUVZo7CMTSJoM8doulOT,Smile Empty Soul
5V5NZ8y72BgxpB6rN4XxtI,The Exies
6GfiCQDFYANz5wUkSmb3Dr,Thousand Foot Krutch
5KDIH2gF0VpelTqyQS7udb,Staind
56dO9zeHKuU5Gvfc2kxHNw,Chevelle
3dXaa6jwM7B52GZpaJEIr5,Puddle Of Mudd
3TOqt5oJwL9BE2NG9MEwDa,Disturbed
49qiE8dj4JuNdpYGRPdKbF,Stone Sour
6gZq1Q6bdOxsUPUG1TaFbF,Godsmack
7fWgqc4HJi3pcHhK8hKg2p,Dope
4PoYwGOztIrPpBfRIlMSxP,Soil
2Pfv2w8a20xzC7Dr7QXRqM,Mudvayne
7JDSHlDdVTo7aZKdQZ53Vf,Static-X
5t28BP42x2axFnqOOMg3CM,Five Finger Death Punch
6KO6G41BBLTDNYOLefWTMU,P.O.D.
3n4ersmDo55xV4fPSCKpXb,Adema
4iSKnRZAxkmqNok6tv10Se,Crazy Town
1xJ6l1VXgGuyZ0uhu27caF,Ill Niño
6BdSOHfQ6kMg0tbAFlXR1z,Nonpoint
49bzE5vRBRIota4qeHtQM8,Skillet
5v6wlK6GCKVovWMbPqSHNy,Fireflight
0RqtSIYZmd4fiBKVFqyIqD,Thirty Seconds To Mars
7xovAENFxmyEWhzbnHsB3Z,The Airborne Toxic Event
6VDdCwrBM4qQaGxoAyxyJC,Cold War Kids
1UfzhwcOR4yfX7yHTPfC9m,Joywave
7gjAu1qr5C2grXeQFFOGeh,Passion Pit
4l1cKWYW591xnwEGxpUg3J,Miike Snow
4gwpcMTbLWtBUlOijbVpuu,Capital Cities
2x7EATekOPhFGRx3syMGEC,The Knocks
1xU878Z1QtBldR7ru9owdU,Phoenix
67hb7towEyKvt5Z8Bx306c,Empire of the Sun
0SwO7SWeDHJijQ3XNS7xEE,MGMT
4iiQabGKtS2RtTKpVkrVTw,Smallpools
6R664N4cEza3eORSqKSgO4,Colony House
75dQReiBOHN37fQgWQrIAJ,Local Natives
3ViZST9PgFoieuOHY2GZMp,Bear Hands
6FIrstf3kHEg3zBOyLpvxD,Ra Ra Riot
5DK8eK7fjvRsziXzyr3sFA,Moon Taxi
2BL3PP6aTKJ1jqbRgfQa71,The Honeysticks
4OTFxPi5CtWyj1NThDe6z5,Weathers
0hAd6zwEgt9ILuMDY1prcI,Palaye Royale
29TCgxO6qzQx4O3pjUIMzn,The Brobecks
75CziSb5bEWIj1m8TdMwYy,Frank Iero
5DD5GZd4ElmQTy9NleMvKJ,Tessa Violet
4YZ5ECfbM2xSTSQTJGBbO5,Gerard Way
5rebfYbZVIhbRVcRKWVOAh,HUNNY
4UXqAaa6dQYAk18Lv7PEgX,Fall Out Boy
7FBcuc1gsnv6Y1nwFtNRCb,My Chemical Romance
46gyXjRIvN1NL1eCB8GBxo,All Time Low
74XFHRwlV6OrjEM0A2NCMF,Paramore
3vAaWhdBR38Q02ohXqaNHT,The All-American Rejects
3WfJ1OtrWI7RViX9DMyEGy,Mayday Parade
3ao3jf5d70Tf4fPh2bnXVl,We The Kings
09J4zbHHwNNlN2tfgJIg21,Anarbor
3PgEvPJKRuil74QPX8wtXY,Friday Pilots Club
48PAAxWdIDbA4WHkHjgsEv,Wild Party
458aS6ALc3QkzwfR5USt34,The Wrecks
7oHJbmt1VAj16Tm6nJpSqr,Brick + Mortar
73rPcaYEhBd0UuVZBqqyQJ,The Happy Fits
1FgsVeOhRYuSw2ghkIXV0A,DREAMERS
0m34JtkojthW5WYugFm0e3,Olen
4MSMDY0ClgWqXApU53I1L1,Matt and Kim
1jNnM5dm7dzt16IocWCvJc,CRUISR
00FQb4jTyendYWaN8pK0wa,Lana Del Rey
6UE7nl9mha6s8z0wFQFIZ2,Robyn
6UOcY6w4K6Ek5Lw5rFDHdP,iamamiwhoami
6Jrxnp0JgqmeUX1veU591p,Santigold
4hiLNlqr4vQdiuo1aQKSXS,Niki & The Dove
5QuBVnBPEzwYvFrgBbwpmU,Empress Of
3Oim8XBPbznAa8Jj8QzNc8,Cults
5YkBrE0wF8cAlq3GCOw5Eu,Best Coast
1l9d7B8W0IHy3LqWsxP2SH,Phantogram
56ZTgzPBDge0OvCGgMO3OY,Beach House
1ybAN3utgdoUL1MUCtH4QM,Tennis
053q0ukIDRgzwTr4vNSwab,Grimes
59pWgeY26Q6yJy37QvJflh,Sleigh Bells
0Y6dVaC9DZtPNH4591M42W,TV Girl
16lg8y62dC3J6ok1pNAbFJ,Craft Spells
1bwUhKRmEkOZ1wuTnV9XjC,Beach Fossils
6NrkINd80slV25wkBu9mEB,Wild Nothing
3Sz7ZnJQBIHsXLUSo0OQtM,Mac DeMarco
0pg0Zm8FsGAYy5kdHuBnSo,salvia palth
6lcwlkAjBPSKnFBZjjZFJs,Alex G
0m5FakHKCQdA7UN0PIzMcL,Current Joys
3XxNRirzbjfLdDli06zMaB,Eyedress
2cAvReLDmjFQtCJFDJbHBU,Teen Suicide
6mOWFF6HJ6krnIpW0CHLQm,dandelion hands
1AbJ2cmwK400LSvdvBL5Jc,Strawberry Guy
77mJc3M7ZT5oOVM7gNdXim,Her's
1TtJ8j22Roc24e2Jx3OcU4,Purity Ring
2ueoLVCXQ948OfhVvAy3Nn,Perfume Genius
7K3zpFXBvPcvzhj7zlGJdO,Crystal Castles
7hAolICGSgXJuM6DUpK5rp,Chairlift
6nB0iY1cjSY1KyhYyuIIKH,FKA twigs
5GGJosGMs08YEmKTZJe1fL,Suki Waterhouse
5szilpXHcwOqnyKLqGco5j,Faye Webster
2qqZbV6smvvtohQOUgZqKa,Alexandra Savior
1VmIiQ7VHrqHg90igSWrB0,Jesse Jo Stark
3ir2pF2mkiEWqyPenKTh5e,Indigo De Souza
4aEuFytRb43SAgjchJDk5e,quinnie
12j6dJrPXanCBwY599pZxf,Matt Maltese
34A8vV1MCxGpA14KspqQuC,Sarah Kinsley
37w38cCSGgKLdayTRjna4W,Mazzy Star
2uYWxilOVlUdk4oV9DvwqK,Mitski
4QkSD9TRUnMtI8Fq1jXJJe,Snail Mail
7MoIc5s9KXolCBH1fy9kkw,Japanese Breakfast
73MDShZzdL4vUGMkmXOG6X,Haley Heynderickx
5PbpKlxQE0Ktl5lcNABoFf,Car Seat Headrest
1qpR5mURxk3d8f6mww6uKT,Shura
4YrURxtCHtPBfNDmMNp7IG,Cruel Youth
1xcMOgFUM1IYZE22YjCvsL,Tei Shi
0MfC3pip8rY8OFLJVVNvBO,Nicole Dollanganger
77SW9BnxLY8rJ0RciFqkHh,The Neighbourhood
7cYEt1pqMgXJdq00hAwVpT,Chase Atlantic
7I3bkknknQkIiatWiupQgD,Beach Weather
25jJ6vyXwTRa0e6XCcdR6U,Ari Abdul
53k2km8u55n9YaJJB7scjX,carwash
1mcTU81TzQhprhouKaTkpq,Rauw Alejandro
1TtXnWcUs0FCkaZDPGYHdf,Darell
1TA5sGRlKUJXBN4ZyJuDIX,Blessd
7hIqJfRYGBWWT1Qxu6Cpd2,Andy Rivera
77GVmrLGuxNEvj2ibvT62v,Luigi 21 Plus
4AKwRarlmsUlLjIwt38NLw,Ofenbach
347ZYa3M1wIhZ3j8Awnd19,Jen Jis
12rBrcOPP50qIan8ew4iTP,Deep Chills
6hyMWrxGBsOx6sWcVj1DqP,Sebastian Ingrosso
0XqFDQJjqW5PfhfBCb53LR,Sick Individuals
4uiMn2g0pgTrhN096QJhbp,Borgeous
4CuipEvwcoQggmCV8jpKF9,Michael Calfan
2J80qXI4NHKpq5RT3xUF7V,Third Party
6i1GVNJCyyssRwXmnaeEFH,Syn Cole
1XLjkBxFokuDTlHt0mQkRe,Thomas Gold
12SPNXi0aDpFt0rMVbmLrr,Jay Hardway
53UXMZxwzQyV4j7tZaVF58,Sandro Silva
1LOB7jTeEV14pHai6EXSzF,Cash Cash
4pb4rqWSoGUgxm63xmJ8xc,Madeon
0Cd6nHYwecCNM1sVEXKlYr,Krewella
5R3Hr2cnCCjt220Jmt2xLf,Dillon Francis
6fcTRFpz0yH79qSKfof7lp,Seven Lions
4YLQaW1UU3mrVetC8gNkg5,3LAU
76YIoWHp3Ri3q1ocOPtFzp,AREA21
6VD4UEUPvtsemqD3mmTqCR,Deorro
6WGE3kO8ULME2ErBcOksSR,KAAZE
1l2ekx5skC4gJH8djERwh1,Don Diablo
2xgAJkalFHfceCNGETOkyM,GRX
4mrBetqy378Jf1y6NLszlx,VINAI
37awA8DFCAnCCL7aqYbDnD,Blasterjaxx
0RMeG9M8QFzss9bAbq99KA,Maddix
4PVn1b2WnnXdq80C7uaZLZ,Nause
7iLc4hrjOjQPfg1E3cCHg1,Tim Berg
00sAT5YX8W3xNd1EuqyHw9,Dada Life
2BJTwV4IpFe2gWL46KKlji,Basto
5cj0lLjcoR7YOSnhnX0Po5,Doja Cat
1U1el3k54VvEUzo3ybLPlM,Kali Uchis
7i1CyQ1fogh4bkj3EPj3ls,Girl Ultra
7tYKF4w9nC0nq9CsPZTHyP,SZA
7GN9PivdemQRKjDt4z5Zv8,The Internet
0tbeZu9lv8YEKSQ9tZSslu,Amber Mark
7aFTOGFDEqDtJUCziLVsVC,Nao
2tAqnHDAgnGtjnlzyoa38L,Ama Lou
4QM5QCHicznALtX885CnZC,Slayyyter
1oPRcJUkloHaRLYx0olBLJ,Magdalena Bay
3SmyWs7ou3udD8gtM0Z6Vx,Awkwafina
6lay1nwbE6hTx1jivysUAL,Princess Nokia
2qDdxfKUpYg8wc49KIuT3b,Tommy Genesis
3PyJHH2wyfQK3WZrk9rpmP,Ashnikko
7Ln80lUS6He07XvHI8qqHH,Arctic Monkeys
1GLtl8uqKmnyCWxHmw9tL4,The Kooks
0Ya43ZKWHTKkAbkoJJkwIB,The Wombats
450iujbtN6XgiA9pv6fVZz,Razorlight
7FPkZue0zzjHaOPJb4WCw3,The Pigeon Detectives
3M4ThdJR28z9eSMcQHAZ5G,The Fratellis
0LbLWjaweRbO4FDKYlbfNt,Kaiser Chiefs
0Ak6DLKHtpR6TEEnmcorKA,The Vaccines
6hl5k4gLl1p3sjhHcb57t2,Circa Waves
4fSPtBgFPZzygkY6MehwQ7,The Libertines
1NfJU4hy56Z4UM4iyIa1B2,Courteeners
11wRdbnoYqRddKBrpHt4Ue,Kasabian
2Z7UcsdweVlRbAk5wH5fsf,The Last Shadow Puppets
1ctkBmvz80MGyi72Ix055S,Alex Turner
0sYlth2PW1zWJMEU2vCukz,Flower Face
3M0H4efyA5YcijrKlaKbYn,Miles Kane
1Li0eIWeMeWcOOWpImcG9H,Albert Hammond Jr
07xbJ7SM1JopFtI1qXvSww,Mini Mansions
4kzBapiIVMxwhJLsTm28Gc,Vlad Holiday
02YLJJnWC7YQVixkjEBRn7,Billie Marten
0epOFNiUfyON9EYx7Tpr6V,The Strokes
0XNa1vTidXlvJ2gHSsRi4A,Franz Ferdinand
1rAv1GhTQ2rmG94p9lU3rB,Julian Casablancas
3WaJSfKnzc65VDgmj2zU8B,Interpol
7vkiEK5D7Gf0z4M1Va0CXD,The Vines
26T3LtbuGT1Fu9m0eRq5X3,Cage The Elephant
3mVWMgLc7bcyCBtL2ymZwK,The Arcs
4kI8Ie27vjvonwaB2ePh8T,Portugal. The Man
4wo1267SJuUfHgasdlfNfc,The Raconteurs
4mLJ3XfOM5FPjSAWdQ2Jk7,Dr. Dog
6fHETUBbKmdmgybtFOFQuc,Dirty Pretty Things
0IBAqjHG8DSaD7PPCGnGiZ,Babyshambles
51Eq6WMVEOjjx9KQMAnneG,The Cribs
0vW8z9pZMGCcRtGPGtyqiB,The Maccabees
0aLsJXIaJ6MMCZIzaGpMaX,Little Joy
22RISwgVJyZu9lpqAcv1F5,Blossoms
4fgXfJCQnK6c44u4KzAtQP,Sundara Karma
45FqwUG4hTT6d39r2HUsUe,Sea Girls
52pNByiBWx6SVMMqqcCA74,The Magic Gang
7DruTvBV7owt1aSAZHsU58,Viola Beach
4hfrzKkUsrb3Cz209SKxbo,Ten Tonnes
1ShwUjKIwQRaUJij7jgRhp,The Night Café
7jZycSvTyx0W9poD4PjEIG,The Hunna
3E3NOIlw2s1ZPU9GRB9jaq,JAWS
7MkyChCSbNBozQ6jq79lop,Marsicans
01ZP85CNi7Y9t1e0one46k,The Enemy
14Gi3Uph96lpNB3utkoVAD,Hard-FI
6OiHleP2bHM18dXq4aZQWt,The Coral
1fy3AQc7grjf5LnCd7snSg,The View
4LlDtNr8qFwhrT8eL2wzH4,The Hoosiers
35YNL4wwv11ZkmeWWL51y7,We Are Scientists
0ikiOZC4SDG6OrgHLESydg,Peter Doherty
4bw2Am3p9ji3mYsXNXtQcd,Piso 21
1VrWc8r4AjrR8YfT0vlsc7,Chyno Miranda
3ATyg4fGC9F8trfb0GRWmX,Joey Montana
0KKUc4amZyvswV2YL6WTar,Mariah Angeliq
1vqR17Iv8VFdzure1TAXEq,LIT killah
4m6ubhNsdwF4psNf3R8kwR,KHEA
3ou3XMRNmyDSy6gnC1bSgN,TAICHU
7cYik4OyfBXYV5Z2TI7p90,Farina
22P1OY4TRFRwhP0q29loQ8,Lali
60XHOAhvEBiV6BGBOv8ClM,La Joaqui
2UZIAOlrnyZmyzt1nuXr9y,Nicki Nicole
7fObcBw9VM3x7ntWKCYl0z,Colby O'Donis
0Jzbm3ifxDNLxxS8M4BS51,Massari
1ZjTtkG8iHppYgibGNc4rw,Mumzy Stranger
1aVH8BgQhW8TT5hgNGwLc7,Karl Wolf
5PVSEFUT4Inqu3yEq56Ku9,Raghav
2EvbFiMccizWo76HwbEaJX,Stevie Hoang
0jnsk9HBra6NMjO2oANoPY,Flo Rida
6c4sUNBgdonFJz8Kx2VsGz,Madcon
37GUqxafAvAKGMZbXCUnmr,Mohombi
0TnOYISbd1XYRBk9myaseg,Pitbull
3sgFRtyBnxXD5ESfmbK4dl,LMFAO
5Y5TRrQiqgUO4S36tzjIRZ,Timbaland
3RYC1U7EqTX1ykWAY28QXn,Jaicko Lawrence
0AuZVHIr5WSEBbBLZwWwWc,Charice
0Tob4H0FLtEONHU1MjpUEp,Tinie Tempah
0Chxmm4XMM87mJOHvyiUzL,Kevin Rudolf
7C64wNX3howEFZjAYRKsfP,The Cataracs
1EVWYRr2obCRDoSoD6KSuM,Havana Brown
7Ip2u3e5Nv6fFb5xyIHxEE,DEV
52Syw7gkGRePCAYvEY2X9D,N-Dubz
4jbcqKzc4Wuy6MivHhzPrP,Cover Drive
1XgFuvRd7r5g0h844A5ZUQ,Take That
7h2Y48bG543JDzEed383cx,Tinchy Stryder
4q6hTJmeYXCwp0ivdtoSWA,Dappy
6H4lieipng8aGu3Hbd1UeJ,Shayne Ward
2ajhZ7EA6Dec0kaWiKCApF,Rizzle Kicks
2wpJOPmf1TIOzrB9mzHifd,Scouting For Girls
0L8ExT028jH3ddEcZwqJJ5,Red Hot Chili Peppers
7jy3rLJdDQY21OgRLCZ9sD,Foo Fighters
78SHxLdtysAXgywQ4vE0Oa,Bush
2ziB7fzrXBoh1HUPS6sVFn,Audioslave
5xUf6j4upBrXZPg6AI4MRK,Soundgarden
2UazAtjfzqBF0Nho2awK4z,Stone Temple Pilots
40Yq4vzPs9VNUrIBG5Jr2i,The Smashing Pumpkins
4iudEcmuPlYNdbP3e1bdn1,Silverchair
64tNsm6TnZe2zpcMVMOoHL,Alice In Chains
0iHb0mCbqZTYeb4y9Pirrd,Temple Of The Dog
0XHiH53dHrvbwfjYM7en7I,Chris Cornell
02NfyD6AlLA12crYzw5YcR,Jane's Addiction
2d0hyoQ5ynDBnkvAbJKORj,Rage Against The Machine
6GbCJZrI318Ybm8mY36Of5,Faith No More
1fSzW5cXBmquli5laFnoGY,Prophets Of Rage
4DFhHyjvGYa9wxdHUjtDkc,A Perfect Circle
64mPnRMMeudAet0E62ypkx,Primus
2yEwvVSSSUkcLeSTNyHKh8,TOOL
4pejUc4iciQfgdX6OKulQn,Queens of the Stone Age
4zYQWYmtimAEmI6WWEzGfO,Them Crooked Vultures
7CHilrn81OdYjkh4uSVnYM,Velvet Revolver
0T7JQxpy1Li93vLNirbv0Z,Mad Season
07jc1IMGtecDZzOL9cP50t,Days Of The New
6Uhp7WA6sjm5ZL6Xz561de,Living Colour
3R0asV2e7pWetezwXtpDLG,Peeping Tom
2zq0uqN9Wq12tqrQQt1ozw,Mr. Bungle
3MomZRiJwdZmYnysgtF4Ey,Therapy?
6yyZgcrQ10gThrJxzqogiP,Tomahawk
0qB0cTENhSUc0feov5qbg0,Helmet
5HUFo8AH9ZILmlyKFfEMNP,Jerry Cantrell
5sD1ZLf2dGQ9gQ3YJl1eAd,Blind Melon
415JrPfN7ukaTu8JV8BLE8,Local H
58etTNn7xmsQZhjnfjpAXL,Porno for Pyros
3XR64HmFo4OvexUUNW7TP0,Mother Love Bone
3Ukr3Ufjg8ygRJv7Ww887f,Screaming Trees
2QMMktUMtwMSwUZATX1cRO,Toadies
3R6c2tWDBeYB1GncjLMn9n,Candlebox
02uYdhMhCgdB49hZlYRm9o,Eagles Of Death Metal
3HCpwNmFp2rvjkdjTs4uxs,Kyuss
62cvIQKyg3aHsHNgPxzGPT,Desert Sessions
1TKaUU8ooBgSW9TlyKsw6k,Fu Manchu
161AC1AVRkIGIMxyj5djFQ,Clutch
538ZIoOw6wW1xdjuIaQHOS,Brant Bjork
4hvwEwrCmGj22uURGVET7Q,Monster Magnet
3yEnArbNHyTCwMRvD9SBy4,Wolfmother
1fpXM23IoNckJ7NDAm8YJQ,Mark Lanegan
41Q0HrwWBtuUkJc7C1Rp6K,311
3zAxGWQqKmDnAsCY57ihKR,Long Beach Dub Allstars
2OpHxx1SArSMlBrIMM0aV9,The Expendables
0EdvGhlC1FkGItLOWQzG4J,Sublime
1YK8JdPbiaMSnf4hrlBkGT,Pepper
4uN3DsfENc7dp0OLO0FEIb,Sugar Ray
6py4uFIC7T6RdrZnH6hFYJ,Ballyhoo!
6MxlVTY6PmY8Nyn16fvxtb,Slightly Stoopid
3XXrhkZKSGd3CUJQFnx5tQ,Sublime With Rome
3ewpPJWBH1eiTYj9cZEce2,The Urge
2q0PlZJNGryR467EUNmWn7,Bumpin Uglies
7rN3Agir6FaZNfhf5V7mfN,John Frusciante
4ANigmoglCpG6sHgfT1hkB,Omar Rodríguez-López
2PnETbh55Irnv3VAFBALfd,Dot Hacker
0Xl5J6iOgiQHFqgri7TF8j,Flea
24FHFsVLTOio4dqqVMq5pe,Ataxia
75U40yZLLPglFgXbDVnmVs,The Mars Volta
3nnQpaTvKb5jCQabZefACI,Jeff Buckley
0EmeFodog0BfCgMzAIvKQp,Shakira
1d6dwipPrsFSJVmFTTdFSS,Paulina Rubio
36VEEgbtrb7tx601gvlzli,JNS
32iQCp9tclqO3C99hRpAUR,Lynda
6XmHtVhgpE33VHFEp2V1P8,Playa Limbo
3uC20p2EoNm5LYtzSVWdkL,Fey
5zaT4Qu9otu6z4oyWjRqM2,OV7
61hAcjvvUS6EXMpeeHwaDi,Kabah
7K9rdoOJSiKXoVXPlSkGKT,Paty Cantú
1xJAOe5igcfHGUbMHxsTBq,Sentidos Opuestos
4HncQjB1Qpyke5EJtU3e3Y,JEANS
23wEWD21D4TPYiJugoXmYb,Thalia
1Db5GsIoVWYktPoD2nnPZZ,Gloria Trevi
5LeiVcEnsZcwc133TUhJNW,Belinda
0TeVa4xdLB8vdzjsvKH6Ri,Anahí
0Wnd6L0qEnk8jiCIHrWXaC,Kudai
5xSx2FM8mQnrfgM1QsHniB,Danna Paola
6ModsWtBph2rE6zCTVxvZt,Maite Perroni
3oNy8cjBtJzLC07I70sklp,Belanova
6rfFUodEv0dJxD1mKbDNdF,Jotdog
3QmmtMrEf7aQrsd1VtejAV,Mœnia
5U1A3TNJisLnVodHzWjCmL,Nikki Clan
1G4QsyR9Fj6k8JJK233X8C,LU
7slfeZO9LsJbWgpkIoXBUJ,Ricky Martin
1JbemQ1fPt2YmSLjAFhPBv,Chayanne
0LALueHEQunQ2d61fXGeZh,Diego Torres
69BUYvpG9MbjCyIZfsFdhJ,Reyli Barba
4uoz4FUMvpeyGClFTTDBsD,Ricardo Montaner
2AZOALDIBORfbzKTuliwdJ,Cristian Castro
5enSNzCwMx61gCMv9jaV4Q,Soraya
1bqHIHJm8coUJqqoguolZJ,Yahir
3udlGv7o6NeUWRlRFGqPY9,Cristian
0r8toju2ecKaVtItkzAnNi,Aleks Syntek
7Hf9AwMO37bSdxHb0FBGmO,Alejandra Guzman
4OgNARLQSC4yy7Dsa5cqxx,Yuri
3mGyF5kXDjEkLlFypJ93en,Lupita D'Alessio
1dJyh390MvfYPuNbhnbSDs,María José
7afXSXOa8dE3c2C5XIguAv,Edith Márquez
0UWZUmn7sybxMCqrw9tGa7,Juanes
1mux8L6xg2Cmrc7k0wQczl,Bacilos
5sUrlPAHlS9NEirDB8SEbF,Alejandro Sanz
3W4lVkySjtIvd67UUg0F3i,Cabas
53KTldaJ8tHSkYU3nigfwP,Fonseca
1GfaAWKfZE9hrYS8IqkWKB,Tranzas
3smfreCkyJt7bShaTYpG77,Carlos Baute
7FZj349hdLfD6qzXkJLuAh,La Quinta Estacion
4NEYQeEYBUjfaXgDQGvFvu,Franco De Vita
7xeM7V59cA1X8GKyKKQV87,Sin Bandera
1T9LdtwSTDoXrbkvHtKpGw,Onda Vaselina
3u4GbCOWNszEqm4Vzv7liB,Litzy
4FG27h3EzTkxI1YDnHhuRW,Sandoval
5xd2Tg7Zo8755eCy8Gxkp8,Ha*Ash
1FbygZnWsyUjzjTGLhWVlO,Timbiriche
4zbqGb99bANxJBsvwRr2zT,Flans
21mgsWjJ4TmBxsUKexjJPT,Laura Marano
2W8yFh0Ga6Yf3jiayVxwkE,Dove Cameron
3famqI9bxiwLcAjRq3HuYl,Riverdale Cast
2OTfr6S2kuHRYStjt1IkY6,Victoria Justice
6SvFyXN6qzhw95Bj4HoevV,China Anne McClain
0GWCNkPi54upO9WLlwjAHd,Big Time Rush
2ftL3sXW7KDOBfVda7IXyA,Debby Ryan
4D4d4SGHSnXy5TxqhfDl3H,Meaghan Martin
1ryIDQiTzFFxHmmjijqghs,Drew Seeley
5GuEFqVXxQsqJtjGqoFWvf,Corbin Bleu
2NQEwAVHBNcI0tGMLlWwF1,Mat Kearney
1bKdOEfMk4ftojJQdyV2Ik,Tyler Hilton
2zwHaEmXxX6DTv4i8ajNCM,Kris Allen
4SQxI8xg6LcSWL3KuGVHLa,David Cook
2oX42qP5ineK3hrhBECLmj,Andy Grammer
6C0JkmxU2cgkVzotHJgfW7,Athlete
6e9wIFWhBPHLE9bXK8gtBI,Editors
0ZZr6Y49NZWRJc0uCwqpMR,Feeder
5YGY8feqx7naU7z4HrwZM6,Miley Cyrus
1JfkqBTXs6VC3JZ7RJNu7h,Jordan Pruitt
55fhWPvDiMpLnE4ZzNXZyW,Noah Cyrus
1RryIbDjpwt00AKkSpCGvP,PJ Harding
1cZQSpDsxgKIX2yW5OR9Ot,Lennon Stella
1QRj3hoop9Mv5VvHQkwPEp,Olivia O'Brien
3nYYI90ObxhjLjdxaoXGSa,Catie Turner
66W9LaWS0DPdL7Sz8iYGYe,JP Saxe
69761NObDw2KwmmFgZmxzC,Lexi Jayde
6kUQJlewgd3UFKVYrrmILh,Raven-Symoné
3fMbdgg4jU18AjLCKBhRSm,Michael Jackson
2yrbLiuBmc9j81lTX3XUuI,The Jacksons
64CuUOOirKmdAYLQSfaOyr,The Emotions
1VDurPMbOKrNU8mcMP4X1P,Jermaine Jackson
1OxJzMLmR9l5zPLap9OxuO,Rose Royce
5fbhwqYYh4YwUoEs582mq5,The Spinners
6h3rSZ8VLK7a5vXjEmhfuD,The Brothers Johnson
3LfO03nEZMdWNHG2tLpMa0,Tavares
1zgNpeHQe8GulzfVkYP2VK,The Trammps
438JBZR1AR0l04AzcYW9gy,Harold Melvin & The Blue Notes
6D7h7R79IZjqJC2GM2wzyY,Heatwave
6gkWznnJkdkwRPVcmnrays,Sister Sledge
4qwGe91Bz9K2T8jXTZ815W,Janet Jackson
5fikk4h5qbEebqK2Fc6e48,En Vogue
4PpmBoqphQusNFsxuVKb6j,Paula Abdul
2NmK5FyrQ18HOPXq1UBzqa,SWV
5lpH0xAS4fVfLkACg9DAuM,Wham!
6kz53iCdBSqhQCZ21CoLcc,Culture Club
2urZrEdsq72kx0UzfYN8Yv,Spandau Ballet
6zpPKMhpOoG646kJgZ7RKf,Johnny Hates Jazz
7kCL98rPFsNKjAHDmWrMac,Nik Kershaw
0s0rOb0gT2S9N0SDcjtPC4,Alison Moyet
7bKupnlF7XOfR1En3K8oAL,Go West
0L9xkvBPcEp1nrhDrodxc5,Level 42
2u0gw0uCWBMiqV7h0N8kai,Wet Wet Wet
0gxyHStUsqpMadRV0Di1Qt,Rick Astley
2kreKea2n96dXjcyAU9j5N,The Pointer Sisters
3oZa8Xs6IjlIUGLAhVyK4G,Irene Cara
5IDs1CK15HegSAhGEbSYXo,Billy Ocean
5dcOK4stT4JDkP6Dqhbz5s,Sheena Easton
19xz1vcuKNjniGEftTOSSH,The Weather Girls
2eogQKWWoohI3BSnoG7E2U,Donna Summer
32lVGr0fSRGT6okLKHiP68,Taylor Dayne
1HvcqyRLS9nF8hAbTWOqpr,Dan Hartman
3VNITwohbvU5Wuy5PC6dsI,Kool & The Gang
4TwHRCIu3Xg9fjS3l7owkp,The Gap Band
6twIAGnYuIT1pncMAsXnEm,Commodores
0Xf8oDAJYd2D0k3NLI19OV,CHIC
6m30rs1IQqnWqV5nKMpU7U,Ohio Players
3tx8fyu3c4OBP5nejYtUOb,Average White Band
0FrpdcVlJQqibaz5HfBUrL,Rick James
545idYhdloaSlLGBY8E9u2,Cameo
5a2EaR3hamoenG9rDuVn8j,Prince
1EgGVV9cmmlLEsFlunjmvv,The Time
6mQfAAqZGBzIfrmlZCeaYT,Chaka Khan
5m8H6zSadhu1j9Yi04VLqD,Sly & The Family Stone
5SMVzTJyKFJ7TUb46DglcH,Parliament
6is2U7I1jlI8PjxNZOHIMV,DeBarge
53QzNeFpzAaXYnrDBbDrIp,The Isley Brothers
61UT1Zj9dFgPAjZfwnsqsb,Teena Marie
19ra5tSw0tWufvUp8GotLo,George Michael
1fa0cOhromAZdq2xRA4vv8,Simply Red
2jS7I1u7BpgWT9ssG62Zr1,Lisa Stansfield
1zuJe6b1roixEKMOtyrEak,Tina Turner
3lcbKPLl0ci2mKRdcP5Etf,M People
5GtMEZEeFFsuHY8ad4kOxv,Seal
5MspMQqdVbdwP6ax3GXqum,Annie Lennox
62sPt3fswraiEPnKQpAbdE,Bobby Brown
2zFZiWQJFFshzojycnXoTL,Bell Biv DeVoe
296LotOmbj7eOX7r9l46fK,Soul For Real
72y3ZI95ctkQC2O4mjBaU3,Shai
1mFX1QlezK1lNPKQJkhwWb,New Edition
1eNkUXHPaXyuyC8NAgzykK,Jodeci
2IBPIcSkvQZyoaVfoyZKE8,Guy
1fvz0vd4P0LNMkAysF1ivk,Al B. Sure!
1QtIfAa6y7w2JhxYJhYeUG,Color Me Badd
0EVUivUkugMtNF09L4QBMH,Hi-Five
5r7mGejWrGSxheAYEIfSwI,Troop
7guDJrEfX3qb6FEbdPA5qi,Stevie Wonder
3koiLjNrgRTNbOwViDipeA,Marvin Gaye
3RwQ26hR2tJtA8F9p2n7jG,The Temptations
1ThoqLcyIYvZn7iWbj8fsj,Bill Withers
6TKOZZDd5uV5KnyC5G4MUt,Smokey Robinson & The Miracles
7fIvjotigTGWqjIz6EP1i4,Four Tops
2AV6XDIs32ofIJhkkDevjm,Curtis Mayfield
7Bah8E0kCETqEpAHI6CPzQ,Mr. Mister
3gggmBN0erstm3YJvEGe3t,Jake Miller
4F61H4lx1js4wtWfb2Rfnt,Party Pupils
0imE3buPhAowREqCrr4CYe,Peach Tree Rascals
6xRlQCMpg8bmkHlluqDF7Z,Devin Kennedy
0Vw76uk7P8yVtTClWyOhac,HONNE
7blXVKBSxdFZsIqlhdViKc,Valley
0K87f3owemzI8NUCoEIXOB,vaultboy
3uJx5SnOM59Li7lCxA3b29,Lil Keed
2WInxWtfee6mRhUQUmIRAH,Strick
4ke9HXbejpYVMhbOjSa4le,Lil Gotit
6m0MLa2Q5RwIF8R7nwQkQ2,Yung Mal
1ZLO8d7zll1WeQJUHaxQer,HoodRich Pablo Juan
7hj7ffJe6UkF1gsMpuweSI,Yungeen Ace
41klVmDluQZmGGqoidNfbe,Blac Youngsta
0Cu32uCaqDJYQADOev92Et,Lud Foe
2TImI3DW7o5MdRXJs4D37h,SOB X RBE
0FWzNDaEu9jdgcYTbcOa4F,3OH!3
6LqNN22kT3074XbTVUrhzX,Kesha
3Isy6kedDrgPYoTS1dazA9,Sean Paul
1pmixngtBJleMrGUG5o8DE,Mr. Vegas
4L3GTE04bW5N7azA9QPhjA,Beenie Man
6NOvBZrkd83MSD51xkq4on,Elephant Man
2JX4h8xm0hNxCB0aNBWzyi,Gyptian
0wEvWMQRqaXcgnrZv6KtyL,Spice
5EvFsr3kj42KNv97ZEnqij,Shaggy
4RfTXjK9aiiIKDaKUHpL57,Busy Signal
3kc5AFnL1TQQdNaMdSW2UO,Wayne Wonder
3nwYsifpwrKmCIpw4i0HDW,Konshens
0eezS9KmhdjGN436RdTIXu,Mavado
4LLpKhyESsyAXpc4laK94U,Mac Miller
7rikNLN4AV6SQn9ryQFaMw,Le$
1wUmdemiR9Dxw8A2el365A,Stalley
0uFc6StTmJBvdHPZFDkdJy,Casey Veggies
6fxyWrfmjcbj5d12gXeiNV,Denzel Curry
0B1prtAE9Ca9hTs0rUkjHG,MellowHigh
1QdCkPulANBEZiaiAyLkak,OMB Peezy
4PNHuWkk4ee6R8WEhFVPf5,NoCap
5g8mXUQcC8DVAHLwGGAIrJ,Booka600
2AfU5LYBVCiCtuCCfM7uVX,Kota the Friend
6aiFCgyKNwF9Rv5TOxnE8E,IDK
6z7xFFHxYkE9t8bwIF0Bvg,Boosie Badazz
2XiiUuK68XNdHaHOAF5hnT,Curbi
0RViEWnZO2VhmY4oI0PhF9,Mesto
7MFJyevu6jq0shwDuVLymu,Justin Mylo
2vUCVkeZjzDcaoX4gagHdV,Julian Jordan
2QMCcKIPHnjQaPPgoEst88,Matisse & Sadko
4gJCFxvqKc43Ifk0UIBB42,Madison Mars
3IpvVrP3VLhruTmnququq7,Mike Williams
5zfDGV6C2Xwns1g773GF3N,Magnificence
32Aw9aJJoXXC1Vn3zqzJbQ,TV Noise
3E61SnNA9oqKP7hI0K3vZv,CALVO
0DRf6JJDQnRnz0Yp209CmH,Stadiumx
6eUtrZgzxqbV7zMxzN3Sz2,twoloud
2L8yW8GIoirHEdeW4bWQXq,TJR
10hGPIDZi33LRaYRIq3Bh4,Dimitri Vangelis & Wyman
5lXf3xjcLx6BmYMY6TvczJ,Paris Blohm
1PFc84GHTYPL0G12JHh9Mc,Dannic
6S3KljEiIOWoLMUyZrkQUc,Marnik
1qF8DC6uIBjskqP0hyw1Gk,Maurice West
7us9kFadl2fztbHSvlNk6M,Ryos
50kceDjknh0CjwOko7kx7V,Jewelz & Sparks
2HkAI0YrEcgoR8QdaURqhO,Dimitri Vegas
558dSyN1mMqsKrEBcKJ2p0,NWYR
5WdqBAQhGFCrZvBKXiPIu7,The Him
1wdU1J2NHzcDYarT7jEU2A,Dastic
2QlwnS23KrBeshXFyK5U6M,LVNDSCAPE
6AREOm8Z1J4bdpUiXg3YQQ,Preesync
5Ix2ImVqEj1Alh3gwFuRoM,LOSPROBOSS
0o42tCraU6AHXirBdleTO4,Vassy
47BEc2RoW53owMyxacXWdV,Yves V
0eDvMgVFoNV3TpwtrVCoTj,Pop Smoke
4DdkRBBYG6Yk9Ka8tdJ9BW,Offset
1tG7s7S4sq2eFFW0QZyLbm,Sheff G
5O1YiYFy3CEWD2lkOmoerV,Kwengface
4ocdD0Bi1syVqLs1GiHqQ9,Mixtape Madness
0koPE9U3b5XYArKa7R2TLm,OFB
4VylF3B1rKCL5tdOJ8VL8o,Rv
39XT9gMoNmMCOlvTTR273m,K-Trap
2eqoJbzUGDwys5ENUkbT3h,J.I the Prince of N.Y
0ksX396B3t2Gt8kwr0BJZk,Fumez The Engineer
6Vy1VMVCyTgbcmA1iz0QFg,Eli Fross
4JhbRL6zaItAyzqx4gHTqz,22Gz
14CHVeJGrR5xgUGQFV5BVM,Fivio Foreign
6LXRvV2OAtXF7685fzh3mj,Rowdy Rebel
7s3eCGNZMrwUQraXlocCBv,Bizzy Banks
4FeLiFUPdxVfFo8oOfA4BH,Rah Swish
6FheakPfcCNN0NeROtOKeQ,Smoove'L
0HkcYmcjrBR3SCw9Ld5VZk,Calboy
5qrzeukNCU5ixZH3LhQi2j,Jay Gwuapo
0WK3H9OErSn5zKOkOV5egm,DDG
5JjeHGbT33AQVjy1KGMLGi,Mimmo Cavallaro
6i3DxIlAqnDkwELLw4aVrx,Lele Pons
0i5iO6icb7kxg48thi9gBM,Manuel Medrano
3mOd9j63D2DAPnOzQBJhQJ,CD9
2KxjMGXFgX1vt9grpbD3xI,Dvicio
3LP4XtcdBxAaO3ZevTTppB,Johann Vera
1McMsnEElThX1knmY4oliG,Olivia Rodrigo
4VdV2qRAYBLINR6uU72V1J,Joshua Bassett
1YWJ1WjMkBCB1X3QOJ1Wdn,Cast of High School Musical: The Musical: The Series
5aTwY2xyrJy4cS1jlFg1oG,Julia Lester
0K0YUvOFH3TVILvIPBfeYN,Sofia Wylie
6fu9TecMw6TInkRRyXObeu,Joe Serafini
3R5yFx0z6UkzAiNHCeBqUY,Adrian Lyles
5PixoCQS6eKSwUEBPN413C,Saylor Bell
0IErFrCRqxmr3Eybp17jAk,Liamani Segura
7aO285xSsCbjy0q9zEqXEk,Avery Lynch
4Uc8Dsxct0oMqx0P6i60ea,Conan Gray
37M5pPGs6V1fchFJSgCguX,FINNEAS
1GmsPCcpKgF9OhlNXjOsbS,Lizzy McAlpine
3gBjSrNsYzzbeo0nwsL21J,ella jane
2bp65KnFOIsIosBoqPzvNL,ROSIE
74KM79TiuVKeVCqs8QtB0B,Sabrina Carpenter
1xVYxkSq6IWhFpSW1OMe41,The Girl and The Dreamcatcher
2kRfqPViCqYdSGhYSM9R0Q,Madison Beer
7pwufEBGfggjoI8twqlsmQ,Nessa Barrett
6oWOHAOyBUn6aJlKIPJK9r,Leah Kate
6Y64EaNqpqcZYTgs4c76gF,jxdn
3BxsweDMcgp9gNWmG40u6f,Huddy
5aHlyw2WWqZW0HLICBuv7U,Zach Hood
3DKkhRCGOG4e8IUPYFPfWs,Dixie
7fEXIS5LgSLbCdzTePqe0V,Andi
1Zi1c8sWZTy5rDiN3lAuEj,Ashley Kutcher
7okSU80WTrn4LXlyXYbX3P,Clinton Kane
4AMBKLK4ZalL6gm7uvvdZh,Sam MacPherson
4pZOG8ump4odtJJA4Cy7S8,Haley Joelle
5TwUXL3I6RaLckHy8le2Hq,Thomas Day
7BtVR5EyH1mjLM5bjXUD5s,Dara Reneé
61lrTfBVPrE3DOTu9MGmhQ,Matt Cornett
4uvsnPZBQ71l1LEoEh4Q7Q,Olivia Rose Keegan
41I5xI04kixwmonDBl0Sda,King Combs
4udfTw7V8jI4AHi7PEfJfj,Melii
6x3iaJYt5zLqKIfkrPQme9,Chinese Kitty
7BtDOCA9U1krM87JITg6bF,Jucee Froot
21C9Dbg9CD3Dv8NaD7iW8e,BbyMutha
2OaHYHb2XcFPvqL3VsyPzU,Rico Nasty
4imxqng3RrOBmykL2DhIJC,Ms Banks
2o9hRZ3xI27UQpHT61A4Mm,Kojo Funds
6k970rXaWAWVfWMjqWtFNI,Steel Banglez
16plk1BhihSieDutGFbLt8,One Acen
5nSAh3wlH7VaqpnkiMjzDs,WSTRN
5t6cgFa6vbJbNuxUTgT1L9,HoodCelebrityy
5AbLpsnTQVNB3OEadYiVrK,Yxng Bane
5vfmmb3UHpuQWJ55JP9slk,Geko
1DGAqC29aw0FpJCejAehVk,Rubi Rose
2SXhbucehn00OBVKhzxDyM,Erica Banks
6o4O5GX5kOWAGXtZUedxo3,KenTheMan
3zxKH0qp3nBCuPZCZT5Vaf,Yellowcard
5aYyPjAsLj7UzANzdupwnS,Good Charlotte
0vWCyXMrrvMlCcepuOJaGI,Boys Like Girls
55VydwMyCuGcavwPuhutPL,The Used
4frytKnOBrer4QVPWynGtX,Forever The Sickest Kids
1IpSmgcN9F3KNa7j9JtAE4,Every Avenue
4o0pNHbyj36LPvukNqEug0,The Maine
7AsPubxWM5tfW4hTZEL3aP,Cute Is What We Aim For
6wQMF27xWhSyJFnO9L5mQk,Cartel
0abIHznUj0oKhDB29cpBZ9,Go Radio
6Rx1JKzBrSzoKQtmbVmBnM,Hayley Williams
5pjCYG6hPLBO3y4swxu3dh,Tonight Alive
6oFs3qk4VepIVFdoD4jmsy,PVRIS
04RtvnUz0XrUbUZzOA8ZoW,Sugarcult
0pwyD6DhbFWn8uVSz2Fr0w,The Summer Set
7MRDkEKtdsGcYn11A4qgUL,The Downtown Fiction
3kYFawNQVZ00FQbgs4rVBe,Artist Vs Poet
1NU9Em6e8dDo36Js6nEo3t,A Rocket To The Moon
2C2sVVXanbOpymYBMpsi89,The Cab
1BSXtdFlVDUOS6g1T3tmME,We Are The In Crowd
2ye2Wgw4gimLv2eAKyk1NB,Metallica
1Yox196W7bzVNZI7RBaPnf,Megadeth
28hJdGN1Awf7u3ifk2lVkg,Testament
0NmYchKQ8JIR9QHYJA0FRe,Overkill
1IQ2e1buppatiN1bxUVkrk,Slayer
2tRsMl4eGxwoNabM08Dm4I,Judas Priest
3JysSUOyfVs1UQ0UaESheP,Anthrax
76S65NHJHrNy4JTrXHP2BH,Exodus
0L8QRAAuWjqvTM8FpQ1gYO,Annihilator
3BM0EaYmkKWuPmmHFUTQHv,Kreator
14pVkFUHDL207LzLHtSA18,Pantera
5i0ph60TnwTlIGrOZAmcZa,King Diamond
6JW8wliOEwaDZ231ZY7cf4,Sepultura
5fwaejlOHVBAw1KhIPPaQe,Venom
6SYbLA9utoNsllunR1TnkM,Sodom
6KVc8Llznru8n9LVCYe9dz,Death Angel
0SbGI4sb8dAKFZnK7RFyhz,Obituary
0zfT626RwO6zN3RDYeRit5,Black Label Society
4fE4Bf0MM6lMJpHiHniPuW,Damageplan
0lVlNsuGaOr9vMHCZIAKMt,Machine Head
1m0B9ak05G0jqDY4ACLhQu,DOWN
6159IBm5gLPwG4BcJXseXc,Soulfly
4CYeVo5iZbtYGBN4Isc3n6,Dio
71vVmHeNgCVSa5SVmfvscU,Saxon
3JDIAtVrJdQ7GFOX26LYpv,Accept
0kq4QvLGV5t1ZoE6ittrLQ,Halford
4UjiBRkTw9VmvDZiJZKPJ7,Heaven & Hell
6mdiAmATAx73kdxrNrnlao,Iron Maiden
1DFr97A9HnbV3SKTJFu62M,Motörhead
7Iffw1nP3NjCWkRIx3Ily9,Bruce Dickinson
34c4iQ5tkaZKu6Sv28BTde,Danzig
1AeC9AuzqGc3IXMC2T5xny,Zakk Wylde
4hxDvVq5t8ebPYPdBl1F9f,HELLYEAH
60S1OdBXBk4cCMbOxL2TqX,Pride & Glory
6LG6fIvh2XpjqHUuR7NRtt,Texas Hippie Coalition
1BBIIH0h76KN8gYeXFcPjR,Corrosion Of Conformity
4CzUzn54Cp9TQr6a7JIlMZ,Manowar
5M52tdBnJaKSvOpJGz8mfZ,Black Sabbath
0UeVJTdCWGEFSSO9Tg9tiH,Sacred Reich
1ApBh0VSoxRjjT3kFQZrpz,Flotsam & Jetsam
5d6KI8frPEo3qGsIL8Sak2,Destruction
0RFQyVQGVcECxnuSLvEKxV,Dark Angel
0lKpKsvjBKLUeyVIAPHUy1,Tankard
0cBWwOJCsZ9RQW9kBBw5df,Vio-Lence
6SLAMfhOi7UJI0fMztaK0m,Rainbow
6ZLTlhejhndI4Rh53vYhrY,Ozzy Osbourne
568ZhdwyaiCyOGJRtNYhWf,Deep Purple
77ziqFxp5gaInVrF2lj4ht,Sech
6SGvRyZuaSuWmP6IWUKpGf,Kenny Man
55Aa2cqylxrFIXC767Z865,Lil Wayne
1fQ46lgoUCz8FVXdTVNk0a,Hurricane Chris
7jFaoqWPhYLrKzjzlpXmUO,David Banner
23LbwefIODbyGdRbAz3urj,Yung Joc
0VKTLKamj4IH8OfQbUL0kq,Dem Franchize Boyz
6mXlDbi03T8wXYwWYew0Ut,Rich Boy
5einkgXXrjhfYCyac1FANB,Lil Scrappy
07VmOvmuBp9G0gb8BTrpn0,Mike Jones
4jWGfUCFeTu5e0wprRhHXR,Big Tymers
6z1cicLMt9XArxN10q7m8a,Travis Porter
0bfX8pF8kuHNCs57Ms4jZb,Roscoe Dash
12FHARd9fY0Tu0ila4Ua25,Trick Daddy
0st5vgzw9XkH5ALJiUM1lE,Slim Thug
7jVv8c5Fj3E9VhNjxT4snq,Lil Nas X
6fWVd57NKTalqvmjRd2t8Z,24kGoldn
7vSY9HEreOqb1Llar3UC38,POORSTACY
7FGjkq9WfrRmBFL64ST0p9,KillBunk
3hOdow4ZPmrby7Q1wfPLEy,Aries
1lzugG0lqNh9nP6Fp2zG3c,Global Dan
53fzjsJnjEKkA6TdncuIM4,Jutes
5OyoCvyau6TiGqcCKnDBCR,Ollie
5uLkZ7FWMTBUg1corQqdkR,Lund
63CZNEytugjFnZBdjBmWc8,COTIS
4XX9YjNQrHTZfZz3DCX6DP,girli
1294QqYm1VuxxjRiL9M0h9,UPSAHL
76SlrtEaq2oViRXulxjfuM,cupcakKe
3wyVrVrFCkukjdVIdirGVY,Lil Pump
2HO2kO7O5gEnM91dhobllP,Smooky MarGielaa
02kJSzxNuaWGqwubyUba0Z,G-Eazy
382aq8Pij5V2nE2JMHMoxl,Hoodie Allen
0wNuUG1alVKXEEiwEypprs,Cam Meekins
3TOKZohBEXnd5RgCXHUsH3,E-Dubble
52lUXCmpmAIVsgNd1uADOy,Moosh & Twist
6YSjNCQzQQf62xXMW9nAaj,The Dean's List
787bCXOIvGeBw0Bc4kEjhD,Luke Christopher
5G9kmDLg3OeUyj8KVBLzbu,mike.
3IstlZaHyUP9SONpulb4SM,Chris Webby
6gWsNpg9lhVbimwQ8bP5K1,YONAS
5l5JD2LJPnIoVeco82Tk4q,Huey Mack
00Z3UDoAQwzvGu13HoAM7J,Skizzy Mars
5vGXVYudNgm9E7jhXMM0Ro,Kid Quill
2OPyK48uFk5aZ8GKWa5FPl,Nate Good
25hbSOMmbhgqvonjC876UJ,Aer
5Vu87j6vCvfwc7FNVGnBwk,Justin Stone
7CWvyZsjuJlxfM8Le6B9nP,Hi-Rez
2OlZK0VIzr7wQYSrj9bOvF,SonReal
2wcrc3fjebDRLVdtRUa3pu,Cal Scruby
1qHkWv9sHlhqmNdPbMU5tN,Eazy Mac
4xRYI6VqpkE3UwrDrAZL8L,Logic
5Z5jUyiNvFaqp0EVyLNf0p,Futuristic
1LrWZc2qPhRCHyr6XtpBxq,Dizzy Wright
1tqhsYv8yBBdwANFNzHtcr,Lil Dicky
27w1NoOLMX7tJMYqcetPyG,VIC MENSA
42UrF25gDVhovYn4Dd422d,Sam Lachow
3hEgzEeaZ0hb3UXx1U1JRR,Demrick
6WSTevYt4rGwm8QPKQr7dU,K.A.A.N.
4s0K7Gh1qCZCXB5OuMF1VT,Just Juice
4oYZcPoj3q3DneXomtQBzg,Merkules
43Ni20kavBjsPjfQnJ78On,JL
5YI7PJwny5JsO7djczHwhP,Jarren Benton
2tmWjaROlvLpahIZcvPLwi,Jez Dior
50JJSqHUf2RQ9xsHs0KMHg,Jon Bellion
6dC0rIJNLSFZwqckLgXJ8p,Timeflies
1PDE2MIJ4M6uvFJDrslazf,Ryan Caraveo
5LHRHt1k9lMyONurDHEdrp,Tyga
137W8MRPWKqSmrBGDBFSop,Wiz Khalifa
6g0Xatzg8vlchoEe21LoeH,Brain
6DvlemMOlMH6VD9tB7BPRf,Tom MacDonald
3tM6SwRysCaIK0kW4h0mVP,Spose
0bdJZl7TDeiymDYzMJnVh2,Preme
4tMm1dU6Gn04VAZ9ClHcIZ,Jacquees
7vk5e3vY1uw9plTHJAMwjN,Alan Walker
0XNvr6bnNywV946ZKaJtr0,Joakim Lundell
4cSYNpczcvTUpnPMFDLsIc,Raaban
22lnnGKlaDxk8sfzCNRJuA,Diviners
5s21IKPvmxRf9WxpO8H5UB,Hogland
2Wzb0u138rgoZQTK3ytknT,BEAUZ
5VXPJC0PNpJbzB10A39G8E,Janji
7qgorhDacy1FRz5HkAhDtu,Elektronomia
2kCcBybjl3SAtIcwdWpUe3,Lil Peep
2Wpsydr0xZekaBFNQ0OSKd,Yunggoth✰
68VUmnZEzmzZdd1zPtnbZZ,Mackned
3hocSCbr0ocaG0bejDPamC,SinceWhen
6QHYF8nHzzx2ENwolOLOdw,mysticphonk
3PXR1cXkJk5aOekoGOtWFA,BEXEY
0WvTK38rXqPCD5pZMDuX20,Oliver Francis
4NYeChhB65zL0ywl4rHmSk,Smrtdeath
2BUUAEl4BwFRA9NBDgMWSf,ITSOKTOCRY
6bnlvICBjK7fuNSB1ohqS5,Danger Incorporated
0zPILh9oEH0fDagpkHTQQ8,Killstation
3lVqIkYlSwyv22KJKHvW8t,Lil Raven
70AkqfU43ou9hFxJZTDt7A,Wicca Phase Springs Eternal
6Cr6Q95UA7G8C6t1e7d2kE,Tag Shai
7Ai8EYRmzf3N9dhbPvOmQh,Wavy Jone$
1JG8nsd3YNDOMUAv7EHXvK,Bill $Aber
5dfFr2qhmXQLvHZqg0dynx,Fat Nick
760kxYHN5QTrD1DehiimjB,OmenXIII
0uya6QELbHSc91t24xHUr1,gizmo
6eGuRZs8HIfjgRPPkkD0Af,Cameron Azi
6TeJpqb3PcvfHxjKAEKCNu,PRXJEK
3EXdLajEO02ziZ90P90bSW,Lil Xan
686zrKch7tQIpoOpdSIpTo,Triple One
2RJWS2Lmkw2uExDmFMe1Ry,LiL Lotus
62TFj06qes00QmQuKmK7c2,Spooky Black
3FCYSWNVmpjTCiwzJwbMAC,lil aaron
6XFt0iOyYmGY19gn8upF5t,fats'e
7EIOmfcBRSR63ZaUptkD09,guccihighwaters
7FngGIEGgN3Iwauw1MvO4P,"nothing,nowhere."
0ntNwPE7MYnKrTh59tU2BA,shinigami
0qrKkQFiL3vftNOhGuIJEX,familypet
3sWtaNsmsCx0TFaQkP8QAm,cøzybøy
3ddT1Q3KQAm1G7UcIfz5KJ,convolk
1MQM8vc3NvLx1lWofNMxED,6obby
4nXOZlYoAD67hF9aUEncMY,Pouya
0r25HIHVcGcaEuJ8s5AK00,Lil Happy Lil Sad
6zqcGQ6MH6yetBUoquMnL7,guardin
738wLrAtLtCtFOLvQBXOXp,Major Lazer
3qnMl4DHT4gndzFAcG4FlM,Kill The Noise
5CdJjUi9f0cVgo9nFuJrFa,Adventure Club
7muzHifhMdnfN1xncRLOqk,Flux Pavilion
0deIjoDjl9g9Zpw0sCIOHh,Valentino Khan
67qogtRNI0GjUr8PlaG6Zh,Zeds Dead
7u160I5qtBYZTQMLEIJmyz,Borgore
2FmzVitXZjIkFolH8HXd4j,Flosstradamus
0ycHhPwPvoaO4VGzmMnXGq,Zomboy
6d9SnuHI2bRer7c76d8sLq,Bro Safari
04vdWVjgi45nrMAxeCEVQe,Bear Grillz
5fMUXHkw8R8eOP2RNVYEZX,Diplo
5ITI6SEoUZMIXXkzCfr4oE,Aluna
5Igpc9iLZ3YGtKeYfSrrOE,Chris Lake
7kNqXtgeIwFtelmRjWv205,John Summit
5czbzNZZfWpyFgZyfT3Mkk,SIDEPIECE
2zJ8chFLjiBHRNchfevMRI,SNBRN
4FCzCS0KEgb0rgySWINItO,CID
3VRyybsQu0MDG0F2LBxnv7,Noizu
3oKnyRhYWzNsTiss5n4Z1J,LP Giobbi
1KpCi9BOfviCVhmpI4G2sY,Tchami
1HxJeLhIuegM3KgvPn8sTa,Jack Ü
540vIaP2JwjQb9dm3aArA4,DJ Snake
0FIENxWAWlIBKgjGOoktIo,Tim Gunter
77AiFEVeAVj2ORpC85QVJs,Steve Aoki
1bj5GrcLom5gZFF5t949Xl,Martin Solveig
1xNmvlEiICkRlRGqlNFZ43,Axwell
0Q9slhIaEgg190iG8udYIV,Philip George
2nuKjZLgc7II6FO4Rxjt5e,Blonde
4WFtYn5RyU8VGPpPyW9Pxw,M-22
5EehXjjMktLuJmbRsM7YfB,Disciples
7dc6hUwyuIhrZdh80eaCEE,Fedde Le Grand
5nki7yRhxgM509M5ADlN1p,Oliver Heldens
1yqxFtPHKcGcv6SXZNdyT9,MK
3cQA9WH8liZfeja1DxcDYE,Armand Van Helden
6c0mTNAxJxlp9HpKTUZwA8,ALMA
134GdR5tUtxJrf8cpsfpyY,Elliphant
7qRll6DYV06u2VuRPAVqug,Foxes
5QatamYwvUTOmMHW6WA0AG,Terror Jr
47z7ZrgFoBvVpCnElCE3Zh,Yellow Claw
7w1eTNePApzDk8XtgykCPS,Malaa
2ht3wxeT69CzyKFChNnNAB,Big Boi
26s8LSolLfCIY88ysQbIuT,Three 6 Mafia
6EXX0GpVsILp9TGCfu7AVG,Tear Da Club Up Thugs
21O7WwRkik43ErKppxDKJq,Lil Wyte
4sdwGT5t9Ws5vIosKccjIn,Frayser Boy
2F3zBRfrDfm2FyNT0YKyAx,Sir Michael Rocks
2RPgvowoS8BYurtbUjwKjt,Trademark Da Skydiver
2i59qMkZ79k8WTLV6gMJXY,Polyester the Saint
5dbuFbrHa1SJlQhQX9OUJ2,Don Henley
3lPQ2Fk5JOwGWAF3ORFCqH,John Mellencamp
7A9yZMTrFZcgEWAX2kBfK6,Huey Lewis & The News
6QtGlUje9TIkLrgPZrESuk,Steve Miller Band
5lkiCO9UQ8B23dZ1o0UV4m,Jackson Browne
0PFtn5NtBbbUNbU9EAmIWF,TOTO
46njgd2Rq9tZc4ZjeQMgbh,Boz Scaggs
6P7H3ai06vU1sGvdpBwDmE,Steely Dan
24GaH9tRBgZjlvOhpFuKi2,"Blood, Sweat & Tears"
695W5F2Ih8dYahLdjVOIoH,Christopher Cross
0J2Ej2rMQyqaUX3G6MUISw,Ambrosia
6IFXsrXBpwbIqtOUOiAa3p,Rick Springfield
3Y3xIwWyq5wnNHPp5gPjOW,Kenny Loggins
530Sdm7eqqzWBdDmILMgnu,Robert Palmer
4FAEZeJcsYYBkNq2D3KGTV,Three Dog Night
0WgyCbru4tXnMsbTmX4mFw,Atlanta Rhythm Section
1tfXh4XxILEuMU2qZupFn8,Firefall
3Y5abCLsMxsOLaZ8rYusSR,Pablo Cruise
1667U2YoucgG5Pdvm2M59c,Orleans
6EJmqnuK0r6qiAevFFiNNR,Paul Davis
6jdObwsrIjSRnBbMw6lPBj,Seals and Crofts
0cA5Tg15TwARIRZeiNT1RO,Dan Fogelberg
3JhRHqCi8HEzkJVWt19LtN,Stephen Bishop
7emRV8AluG3d4e5T0DZiK9,Loggins & Messina
70ZTdbPEcEugBNay4MvxfL,Bread
1R6Hx1tJ2VOUyodEpC12xM,Jim Croce
0fyqyjD7pbaVzbu94ylWQR,Poco
04LIHk1SobiQwt2tlupoAV,Leo Sayer
3pFCERyEiP5xeN2EsPXhjI,Joe Cocker
2ekjTXgjxbWwBX5lTAj4DU,Eric Carmen
3vMWY1bUrmYoSoEWLiQWOZ,Glenn Frey
2Mhi3jfuRSdbVZPdjqsnnN,Dr. Hook
0GByy3DcfbQwDvXGCWmzv9,Pretenders
2iM28IgKg89v1o7BTQAVPo,Bruce Hornsby
2yTUYhIf8fxptTIy3KLuJD,Mike & The Mechanics
4Tw2N3wdvJPGEU7JqMxFfE,Eddie Money
2p4FqHnazRucYQHyDCdBrJ,Simple Plan
01lz5VBfkMFDteSA9pKJuP,The Click Five
0DK7FqcaL3ks9TfFn9y1sD,Box Car Racer
4XlcLj6bxCnpBIOHmBpIWP,American Hi-Fi
1SImpQO0GbjRgvlwCcCtFo,The Red Jumpsuit Apparatus
3LC8PXXgk7YtAIobtjSdNi,The Ataris
1ToMIJExb7R5Klsff81NsK,Mest
7xklw3WodFZiNNmQt3DIgp,Angels & Airwaves
5ND0mGcL9SKSjWIjPd0xIb,Bowling For Soup
7fTcs8dn9y6XuB2IqZMzBq,SR-71
7gkRNHOOt7QfhhXf0rEnmj,+44
6SiyKSeJo6gcsS2NvuAbsl,zebrahead
6we2CCxymhh4v30lZRhhpa,Hey Monday
6urzdpGY5yUimWZsgJUoTb,Airbourne
7CGoviGsNXYmGOBkXk8dtW,Danko Jones
1WsfEkSfrPIhy1lK7ZLRRH,Rose Tattoo
3l02WF362j1oHOurzuseBv,Steel Panther
4Cqia9vrAbm7ANXbJGXsTE,Slash
4Ros83hWMCi68biw25Xyxg,Slash's Snakepit
3jdirYL01245TvAH39GfM6,Jackyl
416gMRzj1LnFJvSBF5PO2R,Chickenfoot
6WMo39FU3nrpSz3qMgRKug,Black Stone Cherry
3qm84nBOXUEQ2vnTfUTTFC,Guns N' Roses
6biWAmrHyiMkX49LkycGqQ,Thin Lizzy
5XDeFQDarnwpR5WAfD6S0d,Warlock
27T030eWyCQRmDyuvr1kxY,Scorpions
6fvN9GmMCVKb5LY0WsnjFP,Nazareth
45O9BwPMyywM755SYUK0sP,Uriah Heep
2Omy3P5hFZym7FKum1JA1s,UFO
00tVTdpEhQQw1bqdu8RCx2,Blue Öyster Cult
5uSY4FF3dZMCVSkZslKCHi,Michael Schenker Group
21ysNsPzHdqYN2fQ75ZswG,Ted Nugent
5QjWgYDeKNP2iPHTdTttnG,Stacie Orrico
2tFN9ubMXEhdAQvdQxcsma,Jessica Simpson
60vX3zLcdKRXvKLITVh5Df,Melanie C
2C9n4tQgNLhHPhSCmdsQnk,David Archuleta
4OfvUFjzAjXY8XSWd8MBTE,Simon Curtis
6wdvERzX4CUCOXu6hSS95x,Natalia Kills
4IFgewC2urR62Fwt7uAU03,Kerli
4M0DLz8te9Q1lNIXBBwvfG,Karmin
5i84V8Zk7YqCN6xxb7SWgw,Samantha Jade
6rHWAH6F4mr2AViSxMV673,Jessica Mauboy
0mzTssRDPIQVH5wSNzOdFZ,Fefe Dobson
7Kp7SzuRuNiPFCy7JIwnLx,Ca$h Out
49mHZzhcsoQB1JXWv8Q9gU,V.I.C.
6jGMq4yGs7aQzuGsMgVgZR,Lil Tjay
0hEurMDQu99nJRq8pTxO14,John Mayer
7hbH1qupmU6HxVBjWJItlq,Dave Barnes
5nrKbDQoztn1qIZAwXvGUq,Matt White
6JVRYNneRsYNInT4TNr5vU,Matt Wertz
3RMHexittaAZkf8zukkZB8,Trevor Hall
0FC1LIeQXKib0jOwZqeIwT,Brett Dennen
0QrowybipCKUDnq5y10PD2,Amos Lee
6DoH7ywD5BcQvjloe9OcIj,Ray LaMontagne
0EghvcisxKybq4CVO7rB5t,Matt Costa
1NmZWNk3idvlh1wKjZOvnt,Griffin House
3MCxkaTJmYKH0FZbe3rYxa,Joe Purdy
5HMFK1o5Bl9qY10PgavMhT,Zach Gill
7omzannyG2lfDqP5xyZo34,Joshua Radin
25mrbNwFzoqPWyYXLhiDRw,Alexi Murdoch
4AapPt7H6bGH4i7chTulpI,Ben Rector
7x5rK9BClDQ8wmCkYAGsQp,Paolo Nutini
3nlHsNqwCSvT988ZfSW1Yh,Ronan Keating
7J2lZBANizgPNfUzux31PV,David Gray
3GBPw9NK25X1Wt2OUvOwY3,Jack Johnson
2IAZ2xX1Ovh5jxhBWE7wda,Donavon Frankenreiter
6v4jPZO3UIDNJIgdxRxtr9,DISPATCH
74fkl73HDlCXw0l6cemB89,G. Love & Special Sauce
65c0gzsw9JsPUxm09QPjQj,ALO
45lorWzrKLxfKlWpV7r9CN,Ben Harper
4qKpLkR911SUlnd4HAtF79,Nathaniel Rateliff
0CdbG1eHVjqjkQsGoH2u1V,Peter Bradley Adams
6igfLpd8s6DBBAuwebRUuo,Josh Ritter
3bCmhyXqTr9ZNGlHNYNTFA,Graham Colton
1yLlQimDTRrACa45u50LXW,Josh Kelley
0L6Gwm0JDrgIQJfjarWSUR,Edwin McCain
5aMmmNxw4vgpc5XC6hK0zp,The Calling
7m60UAnbgFFNuJbmS6OxTk,Sister Hazel
4W4gYpQ2AQq7US2HZS13Qw,Blessid Union Of Souls
