0,"['3TVXtAsR1Inumwj472S9r4', '0c173mlxpT3dSFRgMO8XPh', '67nwj3Y5sZQLl72VNUHEYE', '17lzZA2AlOHwCwFALHttmp', '1sBkRIssrMs1AbVkOJbc7a', '5IcR3N7QB1j6KBL8eImZ8m', '5OrB6Jhhrl9y2PK0pSV4VP', '20sxb77xiYeusSH8cVdatc', '6vXTefBL93Dj5IqAWq6OTv', '28ExwzUQsvgJooOI0X1mr3', '6f4XkbvYlXMH0QgVRzW0sM', '31HjiqargV4NAw4GZqUale', '6l3HvQ5sa6mXTsMTB19rO5', '0ONHkAv9pCAFxb0zJwDNTy', '13ubrt8QOOCPljQ2FL1Kca', '0fA0VVWsXO9YnASrzqfmYu', '5oNgAs7j5XcBMzWv3HAnHG', '0EeQBlQJFiAfJeVN2vT9s0', '0YWxKQj2Go9CGHCp77UOyy', '0QHgL1lAIqAw0HtD7YldmP', '6Ha4aES39QiVjR0L2lwuwq', '35sCXuy5gN6Or69rZ9vqBs', '4yBK75WVCQXej1p04GWqxH', '2HPaUgqeutzr3jx5a9WyDV', '7mDU6nMUJnOSY2Hkjz5oqM', '2EMAnMvWE2eb56ToJVfCWs', '3KV3p5EY4AvKxOlhGHORLg', '7e1ICztHM2Sc4JNLxeMXYl', '21WS9wngs9AqFckK7yYJPM', '2jku7tDXc6XoB6MO2hFuqg', '6KZDXtSj0SzGOV705nNeh3', '7c0XG5cIJTrrAgEC3ULPiq', '0GeeIVcvGA8GSlWsoY1dkG', '19Fi1Rj7kk8kyiwxpXy3yM', '1RyvyyTE3xzB2ZywiAwp0i', '50co4Is1HCEo8bhOyUWKpn', '13y7CgLHjMVRMDqxdx0Xdo', '15iVAtD3s3FsQR4w1v6M0P', '3hcs9uc56yIGFCSy9leWe7', '3HiuzBlSW7pGDXlSFMhO2g', '6AMa1VFQ7qCi61tCRtVWXe', '6Uh8uJyN9g7oFjDK16nJgb', '45a6gCQWq61lIUDmr1tKuO', '7yO4IdJjCEPz7YgZMe25iS', '1URnnhqYAYcrqrcwql10ft', '0VRj0yCOv2FXJNP47XQnx5', '6oMuImdp5ZcFhWP0ESe6mG', '5dHt1vcEm9qb8fCyLcB3HL', '0WOxhx4hikIsyF3CRPLC8W', '46SHBwWsqBkxI7EeeBEQG7', '5gCRApTajqwbnHHPbr2Fpi', '0CKa42Jqrc9fSFbDjePaXP', '1l8Fu6IkuTP0U5QetQJ5Xt', '1Xyo4u8uXC1ZmMpatF05PJ', '5YHM0i7v5TqqibZhS0YiuX', '5ZS223C6JyBfXasXxrRqOk', '3UjPnt2nRmw10N58bBeNOg', '5J7URjIP8aFmeSn2QwF9Au', '4isewEHTP7Az2QheDdBQ6J', '2iojnBLj0qIMiKPvVhLnsH', '3Y7RZ31TRPVadSFVy1o8os', '360IAlyVv4PCEVjgyMZrxK', '7r2oyrNc0YjSC7hZL87V0Y', '7HkdQ0gt53LP4zmHsL0nap', '6S0dmVVn4udvppDhZIWxCr', '4pADjHPWyrlAF0FA7joK2H', '12PSlydMSjEHzSCj9X5qv7', '3aQeKQSyrW4qWr35idm0cy', '6GMYJwaziB4ekv1Y6wCDWS', '07YZf4WDAMNwqr4jfgOZ8y', '2Hjj68yyUPiC0HKEOigcEp', '77IURH5NC56Jn09QHi76is', '6vdMPayKk8YJxxeNP5oMCb', '0NbfKEOTQCcwd6o7wSDOHI', '5pnbUBPifNnlusY8kTBivi', '3ScY9CQxNLQei8Umvpx5g6', '2Xu7q46Hf02xOoEIm4E1Qs', '0tCtGc5vt29zFZp6KXzN50', '1J2VVASYAamtQ3Bt8wGgA6', '246dkjvS1zLTtiykXe5h60', '7iZtZyCzp3LItcw1wtPI3D', '7pFeBzX627ff0VnN6bxPR4', '1zNqQNIdeOUZHb8zbZRFMX', '6extd4B6hl8VTmnlhpl2bY', '0NWbwDZY1VkRqFafuQm6wk', '2RDOrhPqAM4jzTRCEb19qX', '45m1IiS45uD1HcPlYkNWKj', '0A0FS04o6zMoto8OKPsDwY', '0tPjSrb43a58uznKru1k2P', '0iEtIxbK0KxaSlF7G42ZOp', '5K4W6rqBFWDnAN6FQUkS6x', '0Y4inQK6OespitzD6ijMwb', '2J257euzcjnDLipsyJH3F2', '18HVMQsV3tINaTyzT5UIjH', '6X8WdFjrNhXATMDSs26aCc', '0TkqXdyWLsssJH7okthMPQ', '0g9vAlRPK9Gt3FKCekk4TW', '3kf0gOpxWtkyeMNJVDQPtd', '3s8alQfNnY0roAHaJh7Xxt', '7a9KRWdaSZktpGGnWndzbC', '6aaMZ3fcfLv4tEbmY7bjRM', '1anyVhU62p31KFi8MEzkbf', '5M0lbkGluOPXLeFjApw8r8', '07d5etnpjriczFBB8pxmRe', '4bbjivSh1oG4NOc7uYHfw5', '7GuUYiGZOzQwq4L6gAfy1T', '757aE44tKEUQEqRuT6GnEB', '21dooacK2WGBB5amYvKyfM', '3NPpFNZtSTHheNBaWC82rB', '4m4SfDVbF5wxrwEjDKgi4k', '1BhWF9W2PngtPSyobKg0rP', '4VQjfdCN5W8jvwy4AvEnin', '3nViOFa3kZW8OMSNOzwr98', '16rCzZOMQX7P8Kmn5YKexI', '57LYzLEk2LcFghVwuWbcuS', '63bCkf4n15jiKjHhLV7kSZ', '5pKCCKE2ajJHZ9KAiaK11H', '0hCNtLu0JehylgoiP8L4Gh', '3DiDSECUqqY1AuBP8qtaIa', '2auiVi8sUZo17dLy1HwrTU', '1Y8cdNmUJH7yBTd9yOvr5i', '5xuNBZoM7z1Vv8IQ6uM0p6', '4eAOcbAXIF4BmbN6E1QIlw', '63wjoROpeh5f11Qm93UiJ1', '6veh5zbFpm31XsPdjBgPER', '0Y5tJX1MQlPlqiwlOH1tJY', '6I9TgZbapKRXsunA05fiPl', '1bPxKZtCdjB1aj1csBJpdS', '1SncSgYiDk2kCBBaXIYcwd', '6aLoJJxz7MV2iZ423S8tJC', '5SyGEPymt1G2uto47tVWvZ', '3hyEbRtp617pNCuuQjyOmc', '0du5cEVh5yTK9QJze8zA0C', '21E3waRsmPlU7jZsS13rcj', '20s0P9QLxGqKuCsGwFsp7w', '7G6hXrjGpi6I7waNl4wxAk', '0f5nVCcR06GX8Qikz0COtT', '1Xfmvd48oOhEWkscWyEbh9', '1W3FSF1BLpY3hlVIgvenLz', '5ndkK3dpZLKtBklKjxNQwT', '4OBJLual30L7gRl5UkeRcT', '4IJczjB0fJ04gs4uvP0Fli', '2YZyLoL8N0Wb9xBt1NhZWg', '2y8Jo9CKhJvtfeKOsYzRdT', '3nFkdlSjzX9mRTtwJOzDYB', '7gSjFKpVmDgC2MMsnN8CYq', '4ULO7IGI3M2bo0Ap7B9h8a', '6vfR5QRc3xca0KvpG8KZBE', '3FD9VAd0ppjmKbfxF4LzUh', '4O2YL4ygn6eTBC0w1hyWUM', '4M6Z1wubeKtwPqbjJygTOc', '3YJMzGjAm245zwJooY7PEj', '49FeZO3eSrJs7oH7lYLU1r', '0T5OJgMVjKIX3b3W3ekqOl', '6aIm51fHkokqlJn2vzNTH8', '3ZooCJzNMTLpmJaIRUEorI', '36HvjE9pV91jEjO1qBRidS', '3Y365ZqTf6fJ4ZcRnLKPGt', '6vd2ks2rBpNPY4ebdEocpY', '0t5qZrvVCo9YIUT87SQrTn', '3jksrX4oBklxR78ft8gv3j', '08Ld63UgKrJ0nZnCkzHtzc', '7f35VZGDpomj11PXdNn5D9', '0P8YNJXX7QeQ8iZIUCXJgi', '1DvtabXAjfrMihPP6JQdHs', '3tJoFztHeIJkJWMrx0td2f', '5lHRUCqkQZCIWeX7xG4sYT', '4cmA2QDPdzh8W2ytpyUGes', '5Berubt6ysOy2LCMyqhmXP', '7FBDXY8U17aasVTH3rgxbS', '7kwCkEJ384PWm0UQW3hxjS', '0xTcxl35DKXUeYRWqY10w6', '4SjND9kT6Ja5TSPZTyUUab', '7bXgB6jMjp9ATFy66eO08Z', '6dROiL44pIQZVNZ6Bc0OJO', '4p07QU02SrLsaORo25h2Lg', '7Aq8lpLMSt1Zxu56pe9bmp', '3sMYEBy0CZFxedcnm9i9hf', '7352aRY2mqSxBZwzUb6LmA', '51d3rUlLuMh7EW09aMe7yj', '65OtBLtkrifQrdTlKI90IR', '7vMpNua6oKT52WWHNUJ1No', '6TrQLQR8tUluPbmdPy6jqY', '2r8r62VGJKGi463aH1HJUZ', '3u579Gdap91lMptBSdXTpf', '7gWumE1wMALHXANLSIt054', '4guK7U9J36z76E1tWecJ0J', '0QJIPDAEDILuo8AIq3pMuU', '7lsnwlX6puQ7lcpSEpJbZE', '4hRL2QmahOYxXNmNKtG1AI', '67hb7towEyKvt5Z8Bx306c', '3Oim8XBPbznAa8Jj8QzNc8', '1l9d7B8W0IHy3LqWsxP2SH', '6nB0iY1cjSY1KyhYyuIIKH', '7tYKF4w9nC0nq9CsPZTHyP', '0Jzbm3ifxDNLxxS8M4BS51', '0Chxmm4XMM87mJOHvyiUzL', '2WInxWtfee6mRhUQUmIRAH', '41klVmDluQZmGGqoidNfbe', '3nwYsifpwrKmCIpw4i0HDW', '7rikNLN4AV6SQn9ryQFaMw', '1wUmdemiR9Dxw8A2el365A', '4PNHuWkk4ee6R8WEhFVPf5', '6z7xFFHxYkE9t8bwIF0Bvg', '0eDvMgVFoNV3TpwtrVCoTj', '4DdkRBBYG6Yk9Ka8tdJ9BW', '2eqoJbzUGDwys5ENUkbT3h', '14CHVeJGrR5xgUGQFV5BVM', '6LXRvV2OAtXF7685fzh3mj', '0HkcYmcjrBR3SCw9Ld5VZk', '5qrzeukNCU5ixZH3LhQi2j', '41I5xI04kixwmonDBl0Sda', '6x3iaJYt5zLqKIfkrPQme9', '5t6cgFa6vbJbNuxUTgT1L9', '1DGAqC29aw0FpJCejAehVk', '6Rx1JKzBrSzoKQtmbVmBnM', '55Aa2cqylxrFIXC767Z865', '1fQ46lgoUCz8FVXdTVNk0a', '0VKTLKamj4IH8OfQbUL0kq', '6mXlDbi03T8wXYwWYew0Ut', '07VmOvmuBp9G0gb8BTrpn0', '4jWGfUCFeTu5e0wprRhHXR', '6z1cicLMt9XArxN10q7m8a', '0bfX8pF8kuHNCs57Ms4jZb', '12FHARd9fY0Tu0ila4Ua25', '0st5vgzw9XkH5ALJiUM1lE', '3wyVrVrFCkukjdVIdirGVY', '2HO2kO7O5gEnM91dhobllP', '5G9kmDLg3OeUyj8KVBLzbu', '1tqhsYv8yBBdwANFNzHtcr', '27w1NoOLMX7tJMYqcetPyG', '5LHRHt1k9lMyONurDHEdrp', '137W8MRPWKqSmrBGDBFSop', '6g0Xatzg8vlchoEe21LoeH', '0bdJZl7TDeiymDYzMJnVh2', '4tMm1dU6Gn04VAZ9ClHcIZ', '7u160I5qtBYZTQMLEIJmyz', '2FmzVitXZjIkFolH8HXd4j', '47z7ZrgFoBvVpCnElCE3Zh', '2ht3wxeT69CzyKFChNnNAB', '26s8LSolLfCIY88ysQbIuT', '6EXX0GpVsILp9TGCfu7AVG', '2i59qMkZ79k8WTLV6gMJXY', '7Kp7SzuRuNiPFCy7JIwnLx', '6jGMq4yGs7aQzuGsMgVgZR']"
1,"['4HzKw8XcD0piJmDrrPRCYk', '4kYGAK2zu9EAomwj3hXkXy', '5pUo3fmmHT8bhCyHE52hA6', '57WHJIHrjOE3iAxpihhMnp', '5CCwRZC6euC8Odo6y9X8jr', '3WGpXCj9YhhfX11TToZcXP', '2jnIB6XdLvnJUeNTy5A0J2', '188VINPQh5dyNfLUkevKqf', '7nDsS0l5ZAzMedVRKPP8F1', '2txHhyCwHjUEpJjWrEyqyX', '1HY2Jd0NmPuamShAr6KMms', '00TKPo9MxwZ0j4ooveIxWZ', '1INuLZXjjVbcJRyWvD1iSq', '5ZsFI1h6hIdQRw2ti0hz81', '1HBjj22wzbscIZ9sEb5dyf', '2FLqlgckDKdmpBrvLAT5BM', '1mORehSVEd7lcaT2d7Sl2K', '2YXlVLKq3X3soXd2aXUtIT', '0wnYgCeP013HkKoOyC5V32', '1eMmoIprPDWeFdB1FxU6ZV', '4u5smJBskI6Adzv08PuiUP', '45dkTj5sMRSjrmBSBeiHym', '7jLSEPYCYQ5ssWU3BICqrW', '3w6zswp5THsSKYLICUbDTZ', '3whuHq0yGx60atvA2RCVRW', '4NHQUGzhtTLFvgF5SZesLK', '64M6ah0SkkRsnPGtGiRAbb', '1MIVXf74SZHmTIp4V4paH4', '4KJ6jujcNPzOyhdNoiNftp', '5SHxzwjek1Pipl1Yk11UHv', '4AcHt3JxKy59IX7JNNlZn4', '7z2avKuuiMAT4XZJFv8Rvh', '1ShZZUjkbXCjhwrb18BA8I', '5yG7ZAZafVaAlMTeBybKAL', '1vkJFCwstOoJO7yQ4lTtLK', '26dSoYclwsYLMAKD3tpOr4', '3AuMNF8rQAKOzjYppFNAoB', '1yxSLGMDHlW21z4YXirZDS', '3amwMyDd1uxTBoUZlazZ9m', '3NyNPJaemMYsL14DK2tO01', '1Cs0zKBU1kc0i8ypK3B9ai', '4Q6nIcaBED8qUel8bBx6Cr', '6cEuCEZu7PAE9ZSzLLc2oQ', '53cQZtWDwDJwVCNZlfJ6Qk', '1V3VTM7VspiQjcmRhC010n', '53YSn9tHwGJ6bq5P0gGoYo', '6xQvQwZQQuq9R3TdPNbcR8', '3XINWZaloea97SIRiyTJxX', '4D75GcNG95ebPtNvoNVXhz', '2wX6xSig4Rig5kZU6ePlWe', '1vCWHaC5f2uS3yhpwWbIA6', '4sTQVOfp9vEMCemLw50sbu', '2XnBwblw31dfGnspMIwgWz', '60d24wfXkVzDSfLS6hyCjZ', '5fahUm8t5c0GIdeTq0ZaG8', '4bL2B6hmLlMWnUEZnorEtG', '2o5jDhtHVPhrJdv3cEQ99Z', '73jBynjsVtofjRpdpRAJGk', '5wwneIFdawNgQ7GvKK29Z3', '4mHAu7NX2UNsnGXjviBD9e', '4EPJlUEBy49EX1wuFOvtjK', '1L9i6qZYIGQedgM9QLSyzb', '3t5xRXzsuZmMDkQzgOX35S', '6rqU9HQ57NYGBnBzbrY3a4', '3PhoLpVuITZKcymswpck5b', '7xAcVHPiirnUqfdqo0USb1', '601893mmW5hl1FBOykWZHG', '7hOGhpa8RMSuDOWntGIAJt', '7pyhre5oEEFMqcgMEvJY7q', '25uiPmTg16RbhZWAqwLBy5', '5r5Va4lVQ1zjEfbJSrmCsS', '335TWGWGFan4vaacJzSiU8', '2KEqzdPS7M5YwGmiuPTdr5', '2ExGrw6XpbtUAJHTLtUXUD', '5J1JcdYCPj44YKz6kVA5wx', '1kMPdZQVdUhMDKDWOJM5iK', '5WUlDfRSoLAfcVSX1WnrxN', '2WX2uTcsvV5OnS0inACecP', '07FfkbljNIdl45Ijlh1aXS', '7H55rcKCfwqkyDFH9wpKM6', '6yZoNdsPrYLviaEOOzbZt8', '6XyY86QOPPrYVGvF9ch6wz', '0SwO7SWeDHJijQ3XNS7xEE', '5DD5GZd4ElmQTy9NleMvKJ', '4UXqAaa6dQYAk18Lv7PEgX', '2uYWxilOVlUdk4oV9DvwqK', '4AKwRarlmsUlLjIwt38NLw', '6hyMWrxGBsOx6sWcVj1DqP', '4CuipEvwcoQggmCV8jpKF9', '1XLjkBxFokuDTlHt0mQkRe', '12SPNXi0aDpFt0rMVbmLrr', '53UXMZxwzQyV4j7tZaVF58', '1LOB7jTeEV14pHai6EXSzF', '76YIoWHp3Ri3q1ocOPtFzp', '6VD4UEUPvtsemqD3mmTqCR', '6WGE3kO8ULME2ErBcOksSR', '1l2ekx5skC4gJH8djERwh1', '2xgAJkalFHfceCNGETOkyM', '37awA8DFCAnCCL7aqYbDnD', '0RMeG9M8QFzss9bAbq99KA', '7iLc4hrjOjQPfg1E3cCHg1', '2qDdxfKUpYg8wc49KIuT3b', '4kI8Ie27vjvonwaB2ePh8T', '7fObcBw9VM3x7ntWKCYl0z', '0jnsk9HBra6NMjO2oANoPY', '6c4sUNBgdonFJz8Kx2VsGz', '37GUqxafAvAKGMZbXCUnmr', '0TnOYISbd1XYRBk9myaseg', '0Tob4H0FLtEONHU1MjpUEp', '1EVWYRr2obCRDoSoD6KSuM', '2ajhZ7EA6Dec0kaWiKCApF', '2oX42qP5ineK3hrhBECLmj', '1cZQSpDsxgKIX2yW5OR9Ot', '0Xf8oDAJYd2D0k3NLI19OV', '19ra5tSw0tWufvUp8GotLo', '0K87f3owemzI8NUCoEIXOB', '0eezS9KmhdjGN436RdTIXu', '0RViEWnZO2VhmY4oI0PhF9', '7MFJyevu6jq0shwDuVLymu', '2vUCVkeZjzDcaoX4gagHdV', '2QMCcKIPHnjQaPPgoEst88', '4gJCFxvqKc43Ifk0UIBB42', '3IpvVrP3VLhruTmnququq7', '5zfDGV6C2Xwns1g773GF3N', '32Aw9aJJoXXC1Vn3zqzJbQ', '6eUtrZgzxqbV7zMxzN3Sz2', '6S3KljEiIOWoLMUyZrkQUc', '1qF8DC6uIBjskqP0hyw1Gk', '2HkAI0YrEcgoR8QdaURqhO', '6i3DxIlAqnDkwELLw4aVrx', '3DKkhRCGOG4e8IUPYFPfWs', '7okSU80WTrn4LXlyXYbX3P', '4imxqng3RrOBmykL2DhIJC', '1lzugG0lqNh9nP6Fp2zG3c', '2Wzb0u138rgoZQTK3ytknT', '5Igpc9iLZ3YGtKeYfSrrOE', '2zJ8chFLjiBHRNchfevMRI', '3VRyybsQu0MDG0F2LBxnv7', '77AiFEVeAVj2ORpC85QVJs', '1bj5GrcLom5gZFF5t949Xl', '1xNmvlEiICkRlRGqlNFZ43', '2nuKjZLgc7II6FO4Rxjt5e', '5EehXjjMktLuJmbRsM7YfB', '5nki7yRhxgM509M5ADlN1p', '1yqxFtPHKcGcv6SXZNdyT9', '6c0mTNAxJxlp9HpKTUZwA8', '5i84V8Zk7YqCN6xxb7SWgw', '6rHWAH6F4mr2AViSxMV673']"
2,"['4IVAbR2w4JJNJDDRFP3E83', '6ydoSd3N2mwgwBHtF6K7eX', '4EzkuveR9pLvDVFNx6foYD', '3QSQFmccmX81fWCUSPTS7y', '6T5tfhQCknKG4UnH90qGnz', '0C8ZW7ezQVs4URX5aX7Kqx', '25tMQOrIU4LlUo6Sv8v5SE', '6VuMaDnrHyPL1p4EHjYLi7', '5p7f24Rk5HkUZsaS3BLG5F', '0ZED1XzwlLHW4ZaG4lOT6m', '7LImGq5KnzQobZciDJpeJb', '6Dd3NScHWwnW6obMFbl1BH', '2TL8gYTNgD6nXkyuUdDrMg', '6dn6x1XOng3LOAnfTjUn77', '5Rl15oVamLq7FbSb0NNBNy', '3QTDHixorJelOLxoxcjqGx', '1A9o3Ljt67pFZ89YtPPL5X', '30DhU7BDmF4PH0JVhu8ZRg', '6LuN9FCkKOj5PcnpouEgny', '0cGUm45nv7Z6M6qdXYQGTX', '7jZMxhsB8djyIbYmoiJSTs', '1W7FNibLa0O0b572tB2w7t', '6hfwwpXqZPRC9CsKI7qtv1', '3tQx1LPXbsYjE9VwN1Peaa', '06HL4z0CvFAxyc27GXpf02', '4VhL8KLjVso4vLfOLVViTb', '26VFTg2z8YR0cCuwLzESi2', '6jJ0s89eD6GaHleKKya26X', '1vSN1fsvrzpbttOYGsliDr', '7gOdHgIoIKoe4i9Tta6qdD', '3LjhVl7GzYsza1biQjTpaN', '6MF9fzBmfXghAz953czmBC', '2KsP6tYLJlTBvSUxnwlVWa', '5iNrZmtVMtYev5M9yoWpEq', '2ZRQcIgzPCVaT9XKhXZIzh', '3Nrfpe0tUJi4K4DXYWgMUX', '4TnGh5PKbSjpYqpIdlW5nz', '6HaGTQPmzraVmaVxvz6EUc', '68kEuyFKyqrdQQLLsmiatm', '7Hjbimq43OgxaBRpFXic4x', '1EpyA68dKpjf7jXmQL88Hy', '6qqNVTkY8uBg9cP3Jd7DAH', '6CwfuxIqcltXDGjfZsMd9A', '5vBrKGOjN10BMwB0cJADj4', '4tuJ0bMpJh08umKkEXKUI5', '5qa31A9HySw3T7MKWI9bGg', '4xnihxcoXWK3UqryOSnbw5', '7meyrw7Or5DwteYxDJrkCM', '4gzpq5DPGxSnKTe4SA8HAU', '1HGTHrRQkw0BtevSo1jucU', '5Pwc4xIPtQLFEnJriah9YJ', '4Ly0KABsxlx4fNj63zJTrF', '6AyATGg7mDgBlZ4N5uNog0', '6sN51vEARnAAdBw1IKZ8Q9', '10exVja0key0uqUkk6LJRT', '3EBRANWwnViQuBrImN61Z1', '1qGohIp3a4kh1Euymx0pyL', '1Tdg7NIdyWx9icE2GNZzxk', '7EQ0qTo7fWT7DPxmxtSYEc', '7LIy7KinYq7a83dUH6kvxT', '6ejhZKxWJr9apHAzj74DHv', '20JZFwl6HVl6yg8a4H3ZqK', '6g878dtAhjegRHVe5X0ALf', '721Thvnq29Or9LXUyfF75c', '707cnVfI3ISM4j5uzfTc7J', '73jlPRxT7z5xk29sMqFDjU', '70TsVY28EcEUYSGG5Yw7mp', '63XBtGSEZINSyXylZxEUbv', '6tUJpYN2aYiXbzAcg0pIOo', '4fJsnm9CeDAPrwO4MAEToj', '1cWyN6TA0n4j9JtqI0sOpt', '6PFcrRZezCL5p9A0nwb7ki', '2o8lOQRjzsSC8UdbNN88HN', '35GL8Cu2GKTcHzKGi75xl5', '69GGBxA162lTqCwzJG5jLp', '23fqKkggKUBHNkbKtXEls4', '7f5Zgnp2spUuuzKplmRkt7', '4AVFqumd2ogHFlRbKIjp1t', '2qxJFvFYMEDqd7ui6kSAcq', '6BrvowZBreEkXzJQMpL174', '20gsENnposVs2I4rQ5kvrf', '64KEffDW9EtZ1y2vBYgq8T', '1S9WGrK7SZfXXQtHBYzDle', '7keGfmQR4X5w0two1xKZ7d', '1LzWWI9v4UKdbBgz8fqi15', '756t7CBmWLNYsshVtS6P44', '2Tg0aF5cbZktYFzgR1iAKv', '2KPQ6PYAZapLEwMmkzbQxC', '7xEFii6utZmQ61kX59HmLH', '5CiGnKThu5ctn9pBxv7DGa', '0P2bZXPyjHYRW4guHVAFl1', '6TMGw1UYn6DFEtn2f9mv8J', '59KQTERLpPa7M0F25fRH6V', '5pDjmC5mRl7vDJhsjVwNfk', '3Vl9fyKMIdLMswk8ai3mm9', '2eam0iDomRHGBypaDQLwWI', '0xu4jAQQv7ZAqvFGdc9HgP', '7uaIm6Pw7xplS8Dy06V6pT', '0RqtSIYZmd4fiBKVFqyIqD', '4iiQabGKtS2RtTKpVkrVTw', '4MSMDY0ClgWqXApU53I1L1', '00FQb4jTyendYWaN8pK0wa', '5QuBVnBPEzwYvFrgBbwpmU', '0XqFDQJjqW5PfhfBCb53LR', '4mrBetqy378Jf1y6NLszlx', '7aFTOGFDEqDtJUCziLVsVC', '4QM5QCHicznALtX885CnZC', '52Syw7gkGRePCAYvEY2X9D', '7h2Y48bG543JDzEed383cx', '1QRj3hoop9Mv5VvHQkwPEp', '66W9LaWS0DPdL7Sz8iYGYe', '2eogQKWWoohI3BSnoG7E2U', '1zuJe6b1roixEKMOtyrEak', '3koiLjNrgRTNbOwViDipeA', '0FWzNDaEu9jdgcYTbcOa4F', '6LqNN22kT3074XbTVUrhzX', '2L8yW8GIoirHEdeW4bWQXq', '7us9kFadl2fztbHSvlNk6M', '50kceDjknh0CjwOko7kx7V', '5WdqBAQhGFCrZvBKXiPIu7', '1wdU1J2NHzcDYarT7jEU2A', '74KM79TiuVKeVCqs8QtB0B', '4udfTw7V8jI4AHi7PEfJfj', '0vWCyXMrrvMlCcepuOJaGI', '02kJSzxNuaWGqwubyUba0Z', '0wNuUG1alVKXEEiwEypprs', '787bCXOIvGeBw0Bc4kEjhD', '00Z3UDoAQwzvGu13HoAM7J', '2tmWjaROlvLpahIZcvPLwi', '50JJSqHUf2RQ9xsHs0KMHg', '7vk5e3vY1uw9plTHJAMwjN', '5CdJjUi9f0cVgo9nFuJrFa', '0FIENxWAWlIBKgjGOoktIo', '7qRll6DYV06u2VuRPAVqug']"
3,['6g8AmloI8egfrr3dm3SnUL']
4,"['4W49e48G0gg1pucAN6JiGH', '2hlmm7s2ICUX0LVIhVFlZQ', '4Gso3d4CscCijv0lmajZWs', '6icQOAFXDZKsumw3YXyusw', '4GvEc3ANtPPjt1ZJllr5Zl', '6i392l38cR3uBPF0DbNs7S', '2I9SLklAOG0vdMiUUMNxRl', '1pPmIToKXyGdsCF6LmqLmI', '1MXZ0hsGic96dWRDKwAwdr', '04ei5kNgmDuNAydFhhIHnD', '0H39MdGGX6dbnnQPt6NQkZ', '2HUwZ0kumzCSlhFcjFZfpp', '5zctI4wO9XSKS8XwcnqEHk', '0vRvGUQVUjytro0xpb26bs', '5lCY3tqdQxbeg5igSlObaT', '61qMnYXa1GxSBoV3IiYKjZ', '6Av6GMCOznZIlHuNcBWgf4', '6AUl0ykLLpvTktob97x9hO', '2HWXxzgBIr0RMSZmvMZeJU', '7rkW85dBwwrJtlHRDkJDAC', '2tIP7SsRs7vjIcLrU85W8J', '0X3nsc84A9qlFilmlWNwQb', '6AgTAQt8XS6jRWi4sX7w49', '4Ga1P7PMIsmqEZqhYZQgDo', '1cNDP5yjU5vjeR8qMf4grg', '6ASri4ePR7RlsvIQgWPJpS', '6MPCFvOQv5cIGfw3jODMF0', '0Yr4BBpK2dkCp2UsrJ9LZN', '3gGUMEwIX6XodWsYEvKSal', '07EcmJpfAday8xGkslfanE', '4MCBfE4596Uoi2O4DtmEMz', '2ODbg2404zUzTi02qIPEjB', '3EIX8WuD9ybB4ruz0MSilB', '57SA5Qv24Vydwd6bJnV8fI', '6WkUZyqghQei2G809wMKuZ', '3Fl1V19tmjt57oBdxXKAjJ', '0huGjMyP507tBCARyzSkrv', '4r63FhuTkUYltbVAg5TQnk', '2SJhf6rTOU53g8yBdAjPby', '5yPzzu25VzEk8qrGTLIrE1', '7wlFDEWiM5OoIAt8RSli8b', '6Xgp2XMz1fhVYe7i6yNAax', '4O15NlyKLIASxsJ0PrXPfz', '4IprNlQiJZUUJhDl0fL2SL', '0qpRQJnULShIWFKhcW5pce', '15UsOTVnJzReFVN1VCnxy4', '2rhFzFmezpnW82MNqEKVry', '1m7LSAMIB1BErIHYSOn32W', '5TbLOwv8BNnik3f03NZJlt', '7502fDxg339jvGV08Jd4R0', '5IbEL2xjRtKsunfmsahLuO', '1vb1XqzyNMQ16BqbxRz5BV', '0O1cTzccAEKaEFShgzAK9V', '5bCwYvvFvWOEXtO9W7p0Iv', '19uEVh7y7Y9RfjMphMamXc', '7d3WFRME3vBY2cgoP38RDo', '0XIKGBo9PnK1ApI5tZA60d', '7DuTB6wdzqFJGFLSH17k8e', '1mceaxtjWdEmwoDVAlkC41', '5hPcCMWgf6Qu9vUQVySwcY', '32DuKytBMZn90iqyh2HEdc', '3x3jSlhyv5CiCZDZlaTq0M', '0bZ9jANLkwEFVcSnHnwrpb', '5f7VJjfbwm532GiveGC0ZK', '2LakckgvXEtJlKOYP6BO11', '5RMUeKq0dZxg9RHE1f0B9P', '2KZnZEjvAYOkl85rluwNP7', '2J6pigOrBmKQgqJUY5UM7r', '699OTQXzgjhIYAHMy9RyPD', '55fhWPvDiMpLnE4ZzNXZyW', '1RryIbDjpwt00AKkSpCGvP', '3uJx5SnOM59Li7lCxA3b29', '4ke9HXbejpYVMhbOjSa4le', '6m0MLa2Q5RwIF8R7nwQkQ2', '1ZLO8d7zll1WeQJUHaxQer', '0Cu32uCaqDJYQADOev92Et', '1QdCkPulANBEZiaiAyLkak', '5g8mXUQcC8DVAHLwGGAIrJ', '1tG7s7S4sq2eFFW0QZyLbm', '6Vy1VMVCyTgbcmA1iz0QFg', '4JhbRL6zaItAyzqx4gHTqz', '0WK3H9OErSn5zKOkOV5egm', '7pwufEBGfggjoI8twqlsmQ', '6Y64EaNqpqcZYTgs4c76gF', '3BxsweDMcgp9gNWmG40u6f', '6fWVd57NKTalqvmjRd2t8Z', '7vSY9HEreOqb1Llar3UC38', '7FGjkq9WfrRmBFL64ST0p9', '5uLkZ7FWMTBUg1corQqdkR', '4s0K7Gh1qCZCXB5OuMF1VT', '2kCcBybjl3SAtIcwdWpUe3', '2Wpsydr0xZekaBFNQ0OSKd', '68VUmnZEzmzZdd1zPtnbZZ', '3hocSCbr0ocaG0bejDPamC', '3PXR1cXkJk5aOekoGOtWFA', '0zPILh9oEH0fDagpkHTQQ8', '3lVqIkYlSwyv22KJKHvW8t', '5dfFr2qhmXQLvHZqg0dynx', '0uya6QELbHSc91t24xHUr1', '3EXdLajEO02ziZ90P90bSW', '4nXOZlYoAD67hF9aUEncMY']"
5,['45AMD9qU0ERQY5RvR7deHR']
6,"['4q3ewBCX7sLwd24euuV69X', '1i8SpTcr7yvPOmcqrbnVXY', '0qTZZWLzuD59Un5r1speHm', '5hdhHgpxyniooUiQVaPxQ0', '0tmwSHipWxN12fsoLcFU3B', '1fctva4kpRbg2k3v7kwRuS', '47MpMsUfWtgyIIBEFOr4FE', '6nVcHLIgY5pE2YCl8ubca1', '790FomKkXshlbRYZFtlgla', '6kq4GHwUcUojGIu0ziSNXf', '0GM7qgcRCORpGnfcN2tCiB', '00XhexlJEXQstHimpZN910', '2R21vXR83lH98kGeO99Y66', '6w9ToX5slZ4uIdmD17hJ3c', '5bWUlnPx9OYKsLiUJrhCA1', '7iK8PXO48WeuP03g8YR51W', '2wkoKEfS6dXwThbyTnZWFU', '1jSjfSgDjedJdi5MoyRu78', '1GAymyGBvB4gQy5Z5LZ1Wj', '64aJYyrXljOodnUG6jvhRD', '1RBzGO6Nm3uyhUSxP7EDWO', '5dbaLmK5SHLLg8Z4CcTJpX', '0eecdvMrqBftK0M1VKhaF4', '0haZhu4fFKt0Ag94kZDiz2', '5H1nN1SzW0qNeUEZvuXjAj', '0AspLZGQkP38yddNoD0pLn', '2ayNSoKPCRAfjp6hQ76hRu', '07YUOmWljBTXwIseAUd9TW', '6w3SkAHYPsQ1bxV7VDlG5y', '0EFisYRi20PTADoJrifHrz', '1fux65HMCBvfJHqlBc4Nno', '3RtNN1VnooWEn3KQk03DUL', '2wYOpkTJZGByNEOjEnSmoW', '5lFhCi03HDneWzvCxGctrT', '1pf0MPKfKdvS8J779mS1Ay', '1Ts9of7VPZElwPQnqnDSfW', '2LmcxBak1alK1bf7d1beTr', '2DspEsT7UXGKd2VaaedgG4', '2QUvtLq6oQaX0LNsYY2fas', '2WuKU0SYZOQyY3MmE4vtez', '4obzFoKoKRHIphyHzJ35G3', '0b1sIQumIAsNbqAoIClSpy', '1vyhD5VmyZ7KMfW5gqLgo5', '3PAwspMN27PDm81WwXDsMf', '2xmhyxkjpGNBeWXVMeVWHb', '6tYuW96NhiYI3sAxEDsqK4', '1ykothWH0xl8drRyJWuw7I', '3jGlU8UMMo44I2xeLQ6FD3', '2DP9xStkVVv753RBiEHXQB', '3ptY5WTxu77JpAQQnHyxEl', '4mZ4qW2RrJS1nmHvltMvJ2', '4RXxwBtdt6k1YNyyAyiOng', '1r4hJ1h58CWwUQe3MxPuau', '2OnKRchqP7tT0FzTvWIFI7', '5DUlefCLzVRzNWaNURTFpK', '329e4yvIujISKGKz1BZZbO', '3EiLUeyEcA6fbRPSHkG5kb', '6XFITTl7cFTdopDY3lUdlY', '3E6xrwgnVfYCrCs0ePERDz', '00me4Ke1LsvMxt5kydlMyU', '2OHKEe204spO7G7NcbeO2o', '21451j1KhjAiaYKflxBjr1', '4IMAo2UQchVFyPH24PAjUs', '3YXpTiyVmYCfANOlnWv6vr', '3LKXWvXFWrkwUzJWxzwVpW', '4SsVbpTthjScTS7U2hmr1X', '1pgDilWYDWLoOgGjf1iHNu', '7tU1VKOuxiNZwBZC6RHidA', '2ydZrTy8U3kOMOzx20s3dg', '5pZE9tgrhmIGWAsJZ7YxNK', '1SupJlEpv7RS2tPNRaHViT', '0eHQ9o50hj6ZDNBt6Ys1sD', '5hhclzZsaNfmBh0eQI44JQ', '3mqvfyOtukTRmUkZHuP1ed', '7zLcnirfgw1VEHHshuGcDR', '5mgqYTU6dhKlEdi7DOy4uU', '3Okcq0dqLVlEFHRZ5t22bA', '3IEvQoAohcGX7CdrbtIle7', '6ZK8loFAzWKSFe3b7Lrq4V', '5aB4SpKYteOJ8pAleoKkg7', '2RbTV4rZYfdNkxFE9SSdG3', '1phfTBIocBW3UwqcYjaEN6', '7qYeIN2r4H1kBvr0Gm9Iav', '7awyvLSthqOcL5A3hnR1pf', '4VMYDCV2IEDYJArk749S6m', '4myAXQmMuS1lZe8T6Y7eBg', '6p2442ymrT9lZEuCZJdYcH', '0adUZVrjlyffZEwp9bCj4V', '3SUT1jjM5hzZj9TLfLZGIP', '76whng5pl9msPkkjFUtWYn', '0rwGi85qFYUZjTt0wrvokT', '49Z1AvGeUaBSanPaOmplK6', '39YL6FS5gUvd8DCTV9FfSP', '5ClJtuiNlr83ua45Dvpcf7', '7Cqqd8uYKo6L22O2W344CP', '2wJhXMulep4to8JaxUYjeY', '1ackd5XprZEkH3McKbQD51', '30HlKUFTsqlFQsPfyv2yuM', '6EiZOxfG8B5evnLH4KnJeF', '5NS0854TqZQVoRmJKSWtFZ', '1G89WXRVVAEjU4VIwgg6XD', '1mcTU81TzQhprhouKaTkpq', '1TtXnWcUs0FCkaZDPGYHdf', '1TA5sGRlKUJXBN4ZyJuDIX', '7hIqJfRYGBWWT1Qxu6Cpd2', '77GVmrLGuxNEvj2ibvT62v', '4bw2Am3p9ji3mYsXNXtQcd', '1VrWc8r4AjrR8YfT0vlsc7', '3ATyg4fGC9F8trfb0GRWmX', '0KKUc4amZyvswV2YL6WTar', '1vqR17Iv8VFdzure1TAXEq', '4m6ubhNsdwF4psNf3R8kwR', '3ou3XMRNmyDSy6gnC1bSgN', '7cYik4OyfBXYV5Z2TI7p90', '22P1OY4TRFRwhP0q29loQ8', '2UZIAOlrnyZmyzt1nuXr9y', '0TeVa4xdLB8vdzjsvKH6Ri', '5xSx2FM8mQnrfgM1QsHniB', '6ModsWtBph2rE6zCTVxvZt', '0LALueHEQunQ2d61fXGeZh', '53KTldaJ8tHSkYU3nigfwP', '3smfreCkyJt7bShaTYpG77', '0i5iO6icb7kxg48thi9gBM', '3mOd9j63D2DAPnOzQBJhQJ', '2KxjMGXFgX1vt9grpbD3xI', '77ziqFxp5gaInVrF2lj4ht', '6SGvRyZuaSuWmP6IWUKpGf']"
7,"['6eUKZXaKkcviH0Ku9w2n3V', '7n2wHs1TKAczGzO7Dd2rGr', '4nDoRrQiYLoBzwC5BhVJzF', '2wY79sveU1sp5g7SokKOiI', '4Rxn7Im3LGfyRkY2FlHhWi', '0uGk2czvcpWQA383Im6ajf', '7gAppWoH7pcYmphCVTXkzs', '0pghUohLPptZWBasy2wmUx', '3KedxarmBCyFBevnqQHy3P', '6S2OmqARrzebs0tKUEyXyp', '1uNFoZAHBGtllmzznpCI3s', '5tKXB9uuebKE34yowVaU3C', '1ZKqrja0WvbSssYNFO3lzs', '698hF4vcwHwPy8ltmXermq', '7gbmX8SsfjEjxDMzBi1ZOL', '79Xp2rRN7wdsaTJgttdX3K', '7nU4hB040gTmHm45YYMvqc', '7DMveApC7UnC2NPfPvlHSU', '6t1gpxYbY8OlLA7D2RiikQ', '0JOxt5QOwq0czoJxvSc5hS', '2auC28zjQyVTsiZKNgPRGs', '7bmYpVgQub656uNTu6qGNQ', '0MlOPi3zIDMVrfA9R04Fe3', '2FXC3k01G6Gw61bmprjgqS', '6M2wZ9GZgrQXHCFfjv46we', '7sfgqEdoeBTjd8lQsPT3Cy', '0AsThoR4KZSVktALiNcQwW', '2cWZOOzeOm4WmBJRnD5R7I', '0NIIxcxNHmOoyBx03SfTCD', '4kYSro6naA4h99UJvo89HB', '6vWDO969PvNqNYHIOW5v0m', '0p4nmQO2msCgU4IF37Wi3j', '5xi3SZpllRPAkoPVbjB6nc', '7CajNmpbOovFoOoasH2HaY', '5X4LWwbUFNzPkEas04uU82', '0DdDnziut7wOo6cAYWVZC5', '0pt7PX4Hftlg8mV1ySU84Q', '7Gkyjs2OYQpJdOvvmwIz2Z', '37hAfseJWi0G3Scife12Il', '1moxjboGR7GNWYIMWsRjgG', '1bT7m67vi78r2oqvxrP3X5', '46gyXjRIvN1NL1eCB8GBxo', '3ao3jf5d70Tf4fPh2bnXVl', '7cYEt1pqMgXJdq00hAwVpT', '4uiMn2g0pgTrhN096QJhbp', '5R3Hr2cnCCjt220Jmt2xLf', '5cj0lLjcoR7YOSnhnX0Po5', '0AuZVHIr5WSEBbBLZwWwWc', '7C64wNX3howEFZjAYRKsfP', '7Ip2u3e5Nv6fFb5xyIHxEE', '4jbcqKzc4Wuy6MivHhzPrP', '0GWCNkPi54upO9WLlwjAHd', '4D4d4SGHSnXy5TxqhfDl3H', '53QzNeFpzAaXYnrDBbDrIp', '0Vw76uk7P8yVtTClWyOhac', '4RfTXjK9aiiIKDaKUHpL57', '5O1YiYFy3CEWD2lkOmoerV', '4VylF3B1rKCL5tdOJ8VL8o', '0ksX396B3t2Gt8kwr0BJZk', '7jVv8c5Fj3E9VhNjxT4snq', '738wLrAtLtCtFOLvQBXOXp', '3qnMl4DHT4gndzFAcG4FlM', '0deIjoDjl9g9Zpw0sCIOHh', '0ycHhPwPvoaO4VGzmMnXGq', '6d9SnuHI2bRer7c76d8sLq', '5fMUXHkw8R8eOP2RNVYEZX', '5ITI6SEoUZMIXXkzCfr4oE', '7kNqXtgeIwFtelmRjWv205', '5czbzNZZfWpyFgZyfT3Mkk', '4FCzCS0KEgb0rgySWINItO', '1KpCi9BOfviCVhmpI4G2sY', '1HxJeLhIuegM3KgvPn8sTa', '540vIaP2JwjQb9dm3aArA4', '7w1eTNePApzDk8XtgykCPS', '0mzTssRDPIQVH5wSNzOdFZ', '3nlHsNqwCSvT988ZfSW1Yh']"
8,"['4IWBUUAFIplrNtaOHcJPRM', '1Hsdzj7Dlq2I7tHP7501T4', '0X2BH1fck6amBIoJhDVmmJ', '1zNqDE7qDGCsyzJwohVaoX', '3LpLGlgRS1IKPPwElnpW35', '6JL8zeS1NmiOftqZTRgdTz', '5JZ7CnR6gTvEMKX4g70Amv', '73eAAfRkS2Vi4hx68oTJJE', '49tQo2QULno7gxHutgccqF', '4ehtJnVumNf6xzSCDk8aLB', '1IueXOQyABrMOprrzwQJWN', '6P5NO5hzJbuOqSdyPB7SJM', '4QFHHdZkeqmneDQqKIjAN8', '4ScCswdRlyA23odg9thgIO', '66TrUkUZ3RM29dqeDQRgyA', '5gXNY1o9BtajaZfYJVXQrv', '42crL07E4WPfVovyUtMpvC', '7gP3bB2nilZXLfPHJhMdvc', '7gRhy3MIPHQo5CXYfWaw9I', '5ChF3i92IPZHduM7jN3dpg', '4j5KBTO4tk7up54ZirNGvK', '5KKpBU5eC2tJDzf0wmlRp2', '0bdfiayQAKewqEvaU6rXCv', '0CrCKxXekxMpkYfMEf8mca', '4fwuXg6XQHfdlOdmw36OHa', '1r1uxoy19fzMxunt3ONAkG', '3NBmfDV6Yh3hjuQUBVvYgO', '12zbUHbPHL5DGuJtiUfsip', '6xdRb2GypJ7DqnWAI2mHGn', '07D1Bjaof0NFlU32KXiqUP', '5H6xmHXjsq98NLbEjuE29f', '2x7EATekOPhFGRx3syMGEC', '4OTFxPi5CtWyj1NThDe6z5', '2J80qXI4NHKpq5RT3xUF7V', '3E61SnNA9oqKP7hI0K3vZv', '0DRf6JJDQnRnz0Yp209CmH', '7aO285xSsCbjy0q9zEqXEk', '37M5pPGs6V1fchFJSgCguX', '1GmsPCcpKgF9OhlNXjOsbS', '2bp65KnFOIsIosBoqPzvNL', '2o9hRZ3xI27UQpHT61A4Mm', '6k970rXaWAWVfWMjqWtFNI', '5AbLpsnTQVNB3OEadYiVrK', '4WFtYn5RyU8VGPpPyW9Pxw', '134GdR5tUtxJrf8cpsfpyY', '60vX3zLcdKRXvKLITVh5Df']"
10,['4GNC7GD6oZMSxPGyXy4MNB']
11,['543ccHFPnZfJMD8tRGPtu7']
12,['0B3N0ZINFWvizfa8bKiz4v']
13,['4T2k9bgIoC8bbqjqiEl9vZ']
14,['5fywYLnKJi950Y5yMqavxm']
15,['2jHp7gQArCQrlMvdrIVFCg']
16,['4AK6F7OLvEQ5QYCBNiQWHq']
17,"['2wUjUUtkb5lvLKcGKsKqsR', '7dGJo4pcD2V6oG8kP0tJRR', '5Qi4Bb7a8C0a00NZcA77L0', '2TSvMFHlguDI495vujOAys', '2XnnxQzxFZG8qEPjakokPM', '7tT5h21rKj9yFfQuqBYLqT', '6evKD5JWJON3qPBJtUEmtY', '6Oesi698iJRUaBeT82zckf', '5rVbcJv0JRfhWLA3mgM73r', '6DVipHzYsPlIoA0DW8Gmns', '7EWU4FhUJM1sZQgQKdENeT', '68DWke2VjdDmA75aJX5C57', '3vDUJHQtqT3jFRZ2ECXDTi', '4pr7J7wzgObkE3DD3Izi7q', '50UMTib697JJ44le8DO2Va', '1HwM5zlC5qNWhJtM00yXzG', '1YfEcTuGvBQ8xSD1f53UnK', '4tujQJicOnuZRLiBFdp3Ou', '6DPYiyq5kWVQS4RGwxzPC7', '2B4ZHz4QDWJTXPFPgO5peE', '7B4hKK0S9QYnaoqa9OuwgX', '1Oa0bMld0A3u5OTYfMzp5h', '7hJcb9fa4alzcOq3EaNPoG', '3q7HBObVc0L8jNeTe5Gofh', '3USpNaxpX1iNqNnQWqg9ob', '6NyJIFHAePjHR1pFxwisqz', '51FyBBOW464toW099BsW8z', '76fO70b6BK2xt3UVOe4BIZ', '7aA592KWirLsnfb5ulGWvU', '1Bl6wpkWCQ4KVgnASpvzzA', '5IH6FPUwQTxPSXurCrcIov', '3FUY2gzHeIiaesXtOAdB7A', '0jUQSUOcM7lxVn5eVGTkzQ', '2NdeV5rLm47xAvogXrYhJX', '4yiQZ8tQPux8cPriYMWUFP', '31TPClRtHm23RisEBtV3X7', '2jw70GZXlAI8QzWeY2bgRc', '0urTpYCsixqZwgNTkPJOJ4', '6tbjWDEIzxoDsBA1FuhfPW', '1goOx6gnQdUllLfSMsL4Rt', '27FGXRNruFoOdf1vP8dqcH', '4ubKsFJjMgWkARG6w2Qlv8', '4HgF4KnohByNElYid7iCNb', '4utLUGcTvOJFr6aqIJtYWV', '1TtJ8j22Roc24e2Jx3OcU4', '5Y5TRrQiqgUO4S36tzjIRZ', '3RYC1U7EqTX1ykWAY28QXn', '7jFaoqWPhYLrKzjzlpXmUO', '23LbwefIODbyGdRbAz3urj', '5einkgXXrjhfYCyac1FANB', '3IstlZaHyUP9SONpulb4SM', '4xRYI6VqpkE3UwrDrAZL8L', '1LrWZc2qPhRCHyr6XtpBxq', '3hEgzEeaZ0hb3UXx1U1JRR', '5YI7PJwny5JsO7djczHwhP', '3tM6SwRysCaIK0kW4h0mVP', '4AapPt7H6bGH4i7chTulpI']"
18,['6bh228LGC3eAzbplPWV02r']
19,['2nJYGgfTf2846LtVB3AES8']
20,['6TdfKQvrdHZdr4DIzjuWOr']
21,"['2gsggkzM5R49q6jpPvazou', '1KYszkVzlhV3rAqmAcYIgd', '66CXWjxzNUsdJxJ2JdwvnR', '2PCUhxD40qlMqsKHjTZD2e', '77BznF1Dr1k5KyEZ6Nn3jB', '1NyxTiCivDmzgFWYD1V01m', '4LZ4De2MoO3lP6QaNCfvcu', '7d5SfGXKpgS3JK8BFIq59h', '6fcTRFpz0yH79qSKfof7lp', '4YLQaW1UU3mrVetC8gNkg5', '5lXf3xjcLx6BmYMY6TvczJ', '5aHlyw2WWqZW0HLICBuv7U', '4o0pNHbyj36LPvukNqEug0', '4NYeChhB65zL0ywl4rHmSk', '70AkqfU43ou9hFxJZTDt7A', '2RJWS2Lmkw2uExDmFMe1Ry', '3FCYSWNVmpjTCiwzJwbMAC', '6XFt0iOyYmGY19gn8upF5t', '0ntNwPE7MYnKrTh59tU2BA', '0qrKkQFiL3vftNOhGuIJEX', '1MQM8vc3NvLx1lWofNMxED', '4IFgewC2urR62Fwt7uAU03']"
22,"['1bqxdqvUtPWZri43cKHac8', '28y6CyJNkGNjJQKrlx4AmN', '1o2NpYGqHiCq7FoiYdyd1x', '5Y8eJDj37KhaEeqbVO7Ag1', '3pc0bOVB5whxmD50W79wwO', '3gIRvgZssIb9aiirIg0nI3', '5JMLG56F1X5mFmWNmS0iAp', '4YXycRbyyAE0wozTk7QMEq', '6sFHvCyqklnJpXC9Nh1aag', '1kfWoWgCugPkyxQP8lkRlY', '13rF01aOogvnkuQXOlgTW8', '7f4ignuCJhLXfZ9giKT7rH', '1gBUSTR3TyDdTVFIaQnc02', '48eO052eSDcn8aTxiv6QaG', '3paGCCtX1Xr4Gx53mSeZuQ', '1sjw4xq2pAWy5Vdgba5QAt', '73sIBHcqh3Z3NyqHKZ7FOL', '0tRFWXqKBBQcu5oFVOgVzX', '53XhwfbYqKCa1cC15pYq2q', '5ApQnMT6oR8eLguf24xb9S', '47mIJdHORyRerp4os813jD', '4SGDDnlwi5G42HTGzYl2Fc', '4gOc8TsQed9eqnqJct2c5v', '7xX15v6ahAkcT14kHfB9wB', '57nPqD7z62gDdq37US9XJR', '4TqlcgMFDryY96KWcvrhTv', '4BzCdhJTyTS3gumq9xmymb', '3ApUX1o6oSz321MMECyIYd', '2AQjGvtT0pFYfxR3neFcvz', '1MT1Wz4G9Z9EVOg4L5zZMS', '5NDMothbpdpq2xHqSjrrWn', '3X458ddYA2YcVWuVIGGOYe', '2YFBOR9KIxC6WqHclkj9Yq', '3v9wPA58IVrX2dg6AjSPgi', '1ikID9RZZMvkuBGDWrqajq', '0YhUSm86okLWldQVwJkLlP', '6d4jrmreCmsenscuieJERc', '5jAMCwdNHWr7JThxtMuEyy', '6i1GVNJCyyssRwXmnaeEFH', '00sAT5YX8W3xNd1EuqyHw9', '4F61H4lx1js4wtWfb2Rfnt', '2kRfqPViCqYdSGhYSM9R0Q', '6oFs3qk4VepIVFdoD4jmsy', '7muzHifhMdnfN1xncRLOqk', '3oKnyRhYWzNsTiss5n4Z1J']"
23,"['4rQTEdG6hDVOlDUFKs9EjZ', '0t3QQl52F463sxGXb1ckhB', '3gggmBN0erstm3YJvEGe3t']"
24,['55VbVrjmAWcvCknVFfPzvK']
25,"['5xKp3UyavIBUsGy3DQdXeF', '2IvPBSC4CgNLYC1GHEAxcN', '3SEJQy90Vgg1aSnZ9b4AU9', '6UBA15slIuadJ8h2lPRPos', '78nL8LitGR7vO0qp2iZF9E', '1PnsxAfjwnxNODAaKTu8VO', '4NSyPddPUVUfPVMiBn9UAg', '4UOlRVifrFdQHW9qu5ep8t', '0jx4hPtb5enLdBDdHKuSgf', '0AoX5cRnGojriIX6lxmP0D', '2aMAN8kMJ7eUOAuPUYOwI7', '5i4BaWy8YIun1u3RXwmlWn', '7naAJDAh7AZnf18YYfQruM', '4iSKnRZAxkmqNok6tv10Se', '382aq8Pij5V2nE2JMHMoxl', '52lUXCmpmAIVsgNd1uADOy', '5l5JD2LJPnIoVeco82Tk4q', '7CWvyZsjuJlxfM8Le6B9nP', '2wcrc3fjebDRLVdtRUa3pu', '1qHkWv9sHlhqmNdPbMU5tN', '5Z5jUyiNvFaqp0EVyLNf0p', '4oYZcPoj3q3DneXomtQBzg', '43Ni20kavBjsPjfQnJ78On', '21O7WwRkik43ErKppxDKJq', '4sdwGT5t9Ws5vIosKccjIn']"
26,['58MLl9nC29IXbE4nEtuoP2']
27,['4tqPTKknmeQK1uDEFVfX4G']
28,['4m6VmvHDXWmVdIw6EJGQ86']
29,['0gadJ2b9A4SKsB1RFkBb66']
30,['1ZilzPhvZhYUCSGczNRlyt']
31,"['3tlXnStJ1fFhdScmQeLpuG', '20wkVLutqVOYrc0kxFs7rA', '5FxD8fkQZ6KcsSYupDVoSO', '3jk39CGeaaSO3FPKNx1RUx', '5xkAtLTf309LAGZTbvULBn', '3A5tHz1SfngyOZM2gItYKu', '2P5sC9cVZDToPxyomzF1UH', '1dqGS5sT6PE2wEvP1gROZC', '2h93pZq0e7k5yf4dywlkpM', '4V8LLVI7PbaPR0K2TGSxFF', '5xpkLC1MxiPRiIJUDEzuVm', '6vHBuUxrcpn1do5UaEJ7g6', '7BMccF0hQFBpP6417k1OtQ', '4fpwOzxFRMVGfd197dKIdY', '0oBsnAC3fzYkTHF3bkfNx6', '5CCrgHVEWtg8YTEn1UaYug', '04gDigrS5kc9YWfZHwBETP', '05oH07COxkXKIMt6mIPRee', '6nzxy2wXs6tLgzEtqOkEi2', '0eVyjRhzZKke2KFYTcDkeu', '0le01dl1WllSHhjEXRl4in', '0RESbWvOMyua0yuyVrztJ5', '181bsRPaVXVlUKXrxwZfHK', '77SW9BnxLY8rJ0RciFqkHh', '1U1el3k54VvEUzo3ybLPlM', '7GN9PivdemQRKjDt4z5Zv8', '6mQfAAqZGBzIfrmlZCeaYT', '4LLpKhyESsyAXpc4laK94U', '0uFc6StTmJBvdHPZFDkdJy', '6fxyWrfmjcbj5d12gXeiNV', '0B1prtAE9Ca9hTs0rUkjHG', '2AfU5LYBVCiCtuCCfM7uVX', '6aiFCgyKNwF9Rv5TOxnE8E', '7BtDOCA9U1krM87JITg6bF', '2OaHYHb2XcFPvqL3VsyPzU', '2F3zBRfrDfm2FyNT0YKyAx']"
32,"['5RTLRtXjbXI2lSXc6jxlAz', '1FvjvACFvko2Z91IvDljrx']"
33,['3fHjwMnkM9ov8CozqkYxWY']
34,['1uaS3ZokV40ZrpzSRhx4Ol']
35,['5aMIbwZQvP2MHPMVC5zCGj']
36,"['0fTav4sBLmYOAzKuJw0grL', '20WmX0l9JgOpehDOAXY6iO']"
37,"['2vVT4qoxWje0gVD2FiWZ4u', '00OF0nwYaoBSO3AnPVq3vE']"
38,['0hDjKSKjl1DC7ovYTDJHe8']
39,['6dJeKm76NjfXBNTpHmOhfO']
40,['0kkxsdcaWmWU2yWAqclDh4']
41,['3Yl4nkmEa8BSuGWbwhdLDq']
42,['4UFShyUQuA8dguoZrqX0jQ']
43,['63yrD80RY3RNEM2YDpUpO8']
44,['2FovgCfOwN9iqbkCBlKFdT']
45,"['6sCbFbEjbYepqswM1vWjjs', '58AqJv0sDFPFnnBcLT8eeX']"
46,"['2ddxtfC0oS8LoktXUHE7YL', '6G9bygHlCyPgNGxK2l3YdE', '2gUMs9PE8XZVQyzCDqaYmW', '1ryIDQiTzFFxHmmjijqghs', '5GuEFqVXxQsqJtjGqoFWvf', '1McMsnEElThX1knmY4oliG', '4VdV2qRAYBLINR6uU72V1J', '5aTwY2xyrJy4cS1jlFg1oG', '0K0YUvOFH3TVILvIPBfeYN', '6fu9TecMw6TInkRRyXObeu', '3R5yFx0z6UkzAiNHCeBqUY', '5PixoCQS6eKSwUEBPN413C', '7BtVR5EyH1mjLM5bjXUD5s', '61lrTfBVPrE3DOTu9MGmhQ']"
47,['3SYGWAHCe31oykdeUPpoJp']
48,['7rPQ2z1ji1ctJ6oGYBAo6M']
49,['0Qnx1MPnHYt3jJCYrRFVwX']
50,['3sKeaby6GMSJWgYueZaSjE']
51,['1e7K8jD3wRuQfnwDAOeGqe']
52,['4jGPdu95icCKVF31CcFKbS']
53,['7zkwepHPyac6tCYl0fL0co']
54,"['2joIhhX3Feq47H4QXVDOr3', '3R80OE4RViOWbnuvqh0j8a']"
55,['4ClziihVpBeFXNyDH83Lde']
56,['33crDRqANd3NQHJagZkQ7O']
57,['0znpFLuaey34oJTE1jHSnT']
58,['09fEeGYqb3MUeV1c9BJgDI']
59,['6dse9FDodKw65ZQoLjE5F1']
60,['533HtQP5btWIZcKlHJtEWK']
61,"['4ntkql3f3ect7NDRUJ7aAY', '0A7g2YbCA9FlyZvAG6VmKP', '1l7ZsJRRS8wlW3WfJfPfNS', '6lHL3ubAMgSasKjNqKb8HF', '1KCSPY1glIKqW2TotWuXOR', '2NcbLU1bW55eahD0UgD7U3', '2PZEd7yktruWruOqORRChA', '5tth2a3v0sWwV1C7bApBdX', '13saZpZnCDWOI9D4IJhp1f', '4q6hTJmeYXCwp0ivdtoSWA', '0EmeFodog0BfCgMzAIvKQp', '1d6dwipPrsFSJVmFTTdFSS', '36VEEgbtrb7tx601gvlzli', '6XmHtVhgpE33VHFEp2V1P8', '3uC20p2EoNm5LYtzSVWdkL', '5zaT4Qu9otu6z4oyWjRqM2', '61hAcjvvUS6EXMpeeHwaDi', '7K9rdoOJSiKXoVXPlSkGKT', '23wEWD21D4TPYiJugoXmYb', '1Db5GsIoVWYktPoD2nnPZZ', '5LeiVcEnsZcwc133TUhJNW', '3QmmtMrEf7aQrsd1VtejAV', '7slfeZO9LsJbWgpkIoXBUJ', '1JbemQ1fPt2YmSLjAFhPBv', '69BUYvpG9MbjCyIZfsFdhJ', '4uoz4FUMvpeyGClFTTDBsD', '2AZOALDIBORfbzKTuliwdJ', '1bqHIHJm8coUJqqoguolZJ', '0r8toju2ecKaVtItkzAnNi', '7Hf9AwMO37bSdxHb0FBGmO', '4OgNARLQSC4yy7Dsa5cqxx', '1dJyh390MvfYPuNbhnbSDs', '7afXSXOa8dE3c2C5XIguAv', '0UWZUmn7sybxMCqrw9tGa7', '5sUrlPAHlS9NEirDB8SEbF', '4NEYQeEYBUjfaXgDQGvFvu', '7xeM7V59cA1X8GKyKKQV87', '3u4GbCOWNszEqm4Vzv7liB', '5xd2Tg7Zo8755eCy8Gxkp8', '1PFc84GHTYPL0G12JHh9Mc', '5vfmmb3UHpuQWJ55JP9slk', '7dc6hUwyuIhrZdh80eaCEE']"
62,['02A3cEvlLLCbIMVDrK2GHV']
63,"['6lB8vOoI4DRrrVxXwuV19c', '3GtCKJA4SkOxN65MWjm82R', '10hGPIDZi33LRaYRIq3Bh4']"
64,"['5aSBbBUbArJfyNKDg4KS1I', '721T2PETMLaAkijbYu05VD']"
65,['4JNfz6aO9ZFz0gp5GY88am']
66,['3mPc8WGusz2XF3Tvs3AKCR']
67,['4pmNqFu71wEmFXSsYAiWK8']
68,['3zNM2tRfTX6LI1lN2PlrTt']
69,['4EnEZVjo3w1cwcQYePccay']
70,['0b2XeWDPeBiLeskT6RFqMb']
71,"['3Fdm9TFJQCLmC3AWMuGExi', '1iJdyDcY98X3GMnUesl7tf']"
72,"['3JsHnjpbhX4SnySpvpa9DK', '5vV3bFXnN6D6N3Nj4xRvaV']"
73,['6y9nlaoynxSvoTGY09Vdcy']
74,['1wKpMkucynaTfG8lyPprYV']
75,['5na1LmEmK2VzNLje9snJYW']
76,['51sg5jUqKu2tkbmPlwPrNH']
77,['3E0zmIZJN85yOovfGHoH8k']
78,['25KT93FeotUTHC1dbLasxi']
79,['3ytV7vc4ZuwGgwaOuWvkk8']
80,['7nqOGRxlXj7N2JYbgNEjYH']
81,['0CmvFWTX9zmMNCUi6fHtAx']
82,['5TnQc2N1iKlFjYD7CPGvFc']
83,['6nfDaffa50mKtEOwR8g4df']
84,['2dIgFjalVxs4ThymZ67YCE']
85,['2ZmXexIJAD7PgABrj0qQRb']
86,['7LOmc7gyMVMOWF8qwEdn2X']
87,['0ziR2zN0NFcB4x1G3P8cW3']
88,['5zShiwTHlygdfsXj6eavTu']
89,['1pXX6uuufA0Zrk4Ksuh4nv']
90,['0yvw5zYym2ZnM2vngHvfWW']
91,['5DuzBeOgFwViFcv00Q5PFb']
92,['0eEhOgZ2x6kv8kLz77WO7b']
93,['4uRH0vTYaGWjG1MK8K8RPE']
94,"['0nqpXa8bkBlWgS9FKhNCuj', '0BkX3f2WgeqNgvulzPLc7R']"
95,['415rtLOb1FDKZAxo1IJ1hW']
96,"['01QTIT5P1pFP3QnnFSdsJf', '6AVLthptCPhfrxlHadOBJD']"
97,['0ojcq9LJQWMawQdFDw3M0L']
98,['6yR6M6V6I7GhhYf6A7Wif9']
99,['5RADpgYLOuS2ZxDq7ggYYH']
100,"['5mlbvTfWUOfDrUIK6dkNzv', '3BmGtnKgCSGYIUhmivXKWX', '0IF46mUS8NXjgHabxk2MCM', '7IfculRW2WXyzNQ8djX8WX', '3IJ21966TwNZI24MwZHMu4', '6ueGR6SWhUJfvEhqkvMsVs', '5oFkj1qSlyBUmV5d6Edgtq', '053q0ukIDRgzwTr4vNSwab', '6lay1nwbE6hTx1jivysUAL', '3PyJHH2wyfQK3WZrk9rpmP', '21C9Dbg9CD3Dv8NaD7iW8e', '2RPgvowoS8BYurtbUjwKjt']"
101,['0e86yPdC41PGRkLp2Q1Bph']
102,['6blEmsLU25ewy8hHtgZaSL']
103,['2G8UkPZnQ8i78L8TfqP1X6']
104,['6beUvFUlKliUYJdLOXNj9C']
105,['2WzaAvm2bBCf4pEhyuDgCY']
106,['7Lk9V7E1u5gqSHmtcKlOqH']
107,"['0HthCchcL0kVLHTr113Vk1', '0ZUvK7zGdXLd78mQr3t1Tw', '3P4vW5tzQvmuoNaFQqzy9q', '2BL3PP6aTKJ1jqbRgfQa71']"
108,['5bmqhxWk9SEFDGIzWpSjVJ']
109,['4WmAQDrrYtyygkRlm6VTtB']
110,['7nnTzZ5tZrPx14iDnmjksU']
111,['245PKF3hKjtxJKIG153kF0']
112,['2AmfMGi3WZMxqFDHissIAe']
113,['06vRrrjT3DBRkhBlXoBdYj']
114,['4NZvixzsSefsNiIqXn0NDe']
115,['3uwAm6vQy7kWPS2bciKWx9']
116,['35l9BRT7MXmM8bv2WDQiyB']
117,['0qZyvjwZauLmrobrpJmvib']
118,['1vkWdqcabQ1swciXipkLBj']
119,['21TinSsF5ytwsfdyz5VSVS']
120,['2vnB6tuQMaQpORiRdvXF9H']
121,['6rniTPs9zN26kYnkPdFl1U']
122,"['3l0CmX0FuQjFxr8SK7Vqag', '1PNvaesh1mkKZucGhBuqgD']"
123,['2y9j8qUwBMGPYPQJJxmYzD']
124,['392I9I5QMSyoA0FmI5pVfx']
125,['3M1quhETLChtt9NHKVaajX']
126,['53A0W3U0s8diEn9RhXQhVz']
127,['2QLe6Hv3OunsyrNaTRDxQn']
128,['3bUwxJgNakzYKkqAVgZLlh']
129,['3rIZMv9rysU7JkLzEaC5Jp']
130,['0G8zjE6SsFTlbglCkU8pm3']
131,['18Zv2g2vUcEGqJf6WnjfXN']
132,['21UJ7PRWb3Etgsu99f8yo8']
133,['2cGwlqi3k18jFpUyTrsR84']
134,['74K7bX12L8GBAWvPuyIgJ7']
135,['766wIvoqqGrjRDnExOjJls']
136,['0zOcE3mg9nS6l3yxt1Y0bK']
137,"['3AQRLZ9PuTAozP28Skbq8V', '5PokPZn11xzZXyXSfnvIM3', '15qI5w4XJFLRMwOp2VrlD5', '3r17AfJCCUqC9Lf0OAc73G', '40xbWSB4JPdOkRyuTDy1oP', '6wPhSqRtPu1UhRCDX5yaDJ', '7o95ZoZt5ZYn31e9z1Hc0a', '085pc2PYOi8bGKj0PNjekA', '08rMCq2ek1YjdDBsCPVH2s', '1vfezMIyCr4XUdYRaKIKi3', '4PrinKSrmILmo0kERG0Ogn', '6mU8ucezzms5I2kNH6HNlu', '4phGZZrJZRo4ElhRtViYdl', '5lKZWd6HiSCLfnDGrq9RAm', '6h2bWHWTJL38N8dqocVaif', '1c70yCa8sRgIiQxl3HOEFo', '3s2wTjWxK8NOX09dmsvVOh', '08p7B5OtcUuVblvkQIlBhJ', '0AunegKKH2ys98aLxq8G1A', '6aZyMrc4doVtZyKNilOmwu', '2Sqr0DXoaYABbjBo9HaMkM', '4STHEaNw4mPZ2tzheohgXB', '0Cd6nHYwecCNM1sVEXKlYr', '2BJTwV4IpFe2gWL46KKlji', '3sgFRtyBnxXD5ESfmbK4dl', '3zAxGWQqKmDnAsCY57ihKR', '2OTfr6S2kuHRYStjt1IkY6', '5YGY8feqx7naU7z4HrwZM6', '3fMbdgg4jU18AjLCKBhRSm', '1VDurPMbOKrNU8mcMP4X1P', '4qwGe91Bz9K2T8jXTZ815W', '3Isy6kedDrgPYoTS1dazA9', '1pmixngtBJleMrGUG5o8DE', '4L3GTE04bW5N7azA9QPhjA', '6NOvBZrkd83MSD51xkq4on', '0wEvWMQRqaXcgnrZv6KtyL', '5EvFsr3kj42KNv97ZEnqij', '47BEc2RoW53owMyxacXWdV', '3pFCERyEiP5xeN2EsPXhjI', '2p4FqHnazRucYQHyDCdBrJ', '6wdvERzX4CUCOXu6hSS95x']"
138,['5DYAABs8rkY9VhwtENoQCz']
139,['6p5JxpTc7USNnBnLzctyd4']
140,['0RpddSzUHfncUWNJXKOsjy']
141,['6GpcBKNmZDIrRzYkPJu7Wd']
142,['26GHRG8x1F4AzbCKzUaIbw']
143,['0MmnmsAuQKRFpo6vJElcaU']
144,['3UAk61T8PItbpgEi9u7ofY']
145,['4BxCuXFJrSWGi1KHcVqaU4']
146,['6QrQ7OrISRYIfS5mtacaw2']
147,"['4qWnlmXWuGv2TtuxtIWlJX', '0Q9slhIaEgg190iG8udYIV']"
148,['4DX2G1URzfEiRg2wBfv4ub']
149,['0MeLMJJcouYXCymQSHPn8g']
150,['2DaxqgrOhkeH0fpeiQq2f4']
151,['7MhMgCo0Bl0Kukl93PZbYS']
152,['1lYT0A0LV5DUfxr6doRP3d']
153,['5yBDILLJyNFAjFpECkk7ys']
154,['5vIOGcdmx1eIkq3ZtuS12U']
155,['0sHeX8oQ6o7xic3wMf4NBU']
156,['7sjttK1WcZeyLPn3IsQ62L']
157,['7FgMLbnZVrEnir95O0YujA']
158,['1g1yxsNVPhMUl9GrMjEb2o']
159,['61YE3whKiuRr83j1yOm5M7']
160,['3aBkeBhwadnWMWoVJ2CxJC']
161,['6Hizgjo92FnMp8wGaRUNTn']
162,['2sil8z5kiy4r76CRTXxBCA']
163,['3Ngh2zDBRPEriyxQDAMKd1']
164,['0ekbDNE2eOq8QiaXM34wer']
165,['16oZKvXb6WkQlVAjwo2Wbg']
166,['3gd8FJtBJtkRxdfbTu19U2']
167,['5sXaGoRLSpd7VeyZrLkKwt']
168,['0n94vC3S9c3mb2HyNAOcjg']
169,['79hrYiudVcFyyxyJW0ipTy']
170,['7EGwUS3c5dXduO4sMyLWC5']
171,['4dwdTW1Lfiq0cM8nBAqIIz']
172,['2ysnwxxNtSgbb9t1m2Ur4j']
173,['6Xa4nbrSTfbioA4lLShbjh']
174,"['716ZwtZBmwROBXcFmCzfdM', '0L8jXe7QeS9oYUoXbANmX4']"
175,['6ZUjdwG0NvY6MT7vvmluhV']
176,['6DIS6PRrLS3wbnZsf7vYic']
177,['6AGUQK1EWK6nvN4pLIDQDQ']
178,['6VxCmtR7S3yz4vnzsJqhSV']
179,"['4njdEjTnLfcGImKZu1iSrz', '2q3GG88dVwuQPF4FmySr9I', '1FgsVeOhRYuSw2ghkIXV0A', '1294QqYm1VuxxjRiL9M0h9']"
180,['5tFRohaO5yEsuJxmMnlCO9']
181,['3RbyaF3Pq6iDUKNp04AIcU']
182,['42vg2T0Xg9yPaAgogJzoQH']
183,['4j56EQDQu5XnL7R3E9iFJT']
184,['3kVUvbeRdcrqQ3oHk5hPdx']
185,['3YQKmKGau1PzlVlkL1iodx']
186,['0Raaw7kr1Vzat4ZvHzjsJR']
187,['7sOR7gk6XUlGnxj3p9F54k']
188,['1dWEYMPtNmvSVaDNLgB6NV']
189,['1sYbTp9AgWvJb0mJBAB6eP']
190,['4aN7T7NNFFMRJgVbRPne8q']
191,['4fClmcYOLFAp5rrKUqLHAI']
192,['3p5nfUyEYsxx8izMCym07n']
193,['7ymrIsmp4vE7vAtcS12J4D']
194,['4hwJwkgsufeilLXS1ZfJqq']
195,['7qTUKYzO77RvL1Kxie0xUO']
196,['3C0PKxcP1f25siYFYiyHa1']
197,['2qcGTB5s2t9o2w9SrI719s']
198,['3uo0ix4Y67XHVWBhXXIY1S']
199,['2lumbRIs61wTw0biiIAUDI']
200,['26LmKYZRstUUMu2LC2xen9']
201,['33r8rPgsHXfVN1r3adlrWw']
202,"['4sADZZMvbgQIsCCkmqUYF8', '2zhgWhhKeDGw6gGd16y7tc', '5fSVkkuijRIpxuvSqysYiP', '0E1HulHZpqPQBOA8isuQ7a', '3sWtaNsmsCx0TFaQkP8QAm']"
203,['5yXMtEjaBVEtGSyICT1w2b']
204,['0inkJpjAKDnQOv2VHBCU0Z']
205,['2FcgwIGEPmPyItFPscscDO']
206,['1pTsdH9YGY5SYSDjPkMca3']
207,['1Pq3b64hsWb48FjFPfV5aq']
208,['3O7oOXK7KPniAPEUorctsi']
209,['4k3yrCOPB5wp2ne8R9MQoM']
210,['1mKtlPrXjWK6oIdk9cSOjs']
211,['1CoZyIx7UvdxT5c8UkMzHd']
212,['7JwNWaTv4y9WNJCihQFHpv']
213,['2EcDZA7LVlXzUhOqYzhNGK']
214,['4o4tLTIJ3eWMFerz73atcT']
215,['6YxrfNCKBcQlbITpmDLErL']
216,['4hqDqHtBlgxXpLXVYf7c8L']
217,['4fpTMHe34LC5t3h5ztK8qu']
218,['4vRSocKbGh7PsQrYRDVMEF']
219,['2S9W9aSAd7e5mp8WqWxN2h']
220,['0cQbJU1aAzvbEmTuljWLlF']
221,['0TImkz4nPqjegtVSMZnMRq']
222,['4NGiEU3Pkd8ASRyQR30jcA']
223,['1Cq0LAHFfvUTBEtMPXUidI']
224,['2NhdGz9EDv2FeUw6udu2g1']
225,['2Ah7S4oLgEBYRbz2V0cZzU']
226,['39x8gyJjTHiBQklFgVJSV4']
227,['5zeCSgiRyezbfLiGOpKAsR']
228,['6z29S0IoiBJpSMP8plyCj7']
229,['7xTcuBOIAAIGDOSvwYFPzk']
230,['0AvtzKTYleNqdJXoZasQWG']
231,['6KImCVD70vtIoJWnq6nGn3']
232,['40giwFcTQtv9ezxW8yqxJU']
233,['26YAHs5On4KQDNsU2cYFdL']
234,['1K0lOPFlbPF3Volp5qIYNw']
235,['5KNNVgR6LBIABRIomyCwKJ']
236,"['1dfeR4HaWDbWqFHLkxsg1d', '3d2pb1dHTm8b61zAGVUVvO', '0oSGxfWSnnOXhD2fKuz2Gy']"
237,"['4M1FpEWs2PeYfJe7xxJfhH', '5Pc9LaRjxv3A8VTM1GsnQO']"
238,['56ktBbLLVKasUyp7bJ2tyk']
239,['6DbJi8AcN5ANdtvJcwBSw8']
240,"['4gIdjgLlvgEOz7MexDZzpM', '3oDbviiivRWhXwIE8hxkVV']"
241,"['4x1nvY2FN8jxqAFA0DA02H', '2s4tjL6W3qrblOe0raIzwJ']"
242,['2RpHsROrX075xfIwHn6B2U']
243,['7jefIIksOi1EazgRTfW2Pk']
244,['6i6WlGzQtXtz7GcC5H5st5']
245,['5BcZ22XONcRoLhTbZRuME1']
246,['3HC7NcxQx2Yk0fWoRKJ0xF']
247,['3JsMj0DEzyWc0VDlHuy9Bx']
248,['39T6qqI0jDtSWWioX8eGJz']
249,['4salDzkGmfycRqNUbyBphh']
250,['6clbbhnIqpHnqxwtOWcilg']
251,['2hO4YtXUFJiUYS2uYFvHNK']
252,['5q4AzEtCoYJyXjMMoEkSU5']
253,['42TFhl7WlMRXiNqzSrnzPL']
254,['3dBVyJ7JuOMt4GE9607Qin']
255,['3fhOTtm0LBJ3Ojn4hIljLo']
256,['33EUXrFKGjpUSGacqEHhU4']
257,['2x9SpqnPi8rlE9pjHBwmSC']
258,['7MSUfLeTdDEoZiJPDSBXgi']
259,['1nJvji2KIlWSseXRSlNYsC']
260,['0RUEHcBiENFEqxgicqS2ig']
261,['1SQRv42e4PjEYfPhS0Tk9E']
262,['67ea9eGLXYMsO2eYQRui3w']
263,['24Wa5wIZIo1sPkzVGP0B5p']
264,['2lxX1ivRYp26soIavdG9bX']
265,['74oJ4qxwOZvX6oSsu1DGnw']
266,['1CD77o9fbdyQFrHnUPUEsF']
267,['1WRM9i067hd2ujxxi8FI3m']
268,['3ICflSq6ZgYAIrm2CTkfVP']
269,['1YqGsKpdixxSVgpfaL2AEQ']
270,['2e53aHBQdCMKWqHDuyJsjC']
271,['5bDxAyJiTYBat1YnFJhvEK']
272,['6zFYqv1mOsgBRQbae3JJ9e']
273,['3iDD7bnsjL9J4fO298r0L0']
274,['77tT1kLj6mCWtFNqiOmP9H']
275,['3sFhA6G1N0gG1pszb6kk1m']
276,['35U9lQaRWSQISxQAB94Meo']
277,"['5gxynDEKwNDgxGJmJjZyte', '3bTAaMx9nf237AkBnGw3vL', '5a2EaR3hamoenG9rDuVn8j']"
278,['07XSN3sPlIlB2L2XNcTwJw']
279,['3EhbVgyfGd7HkpsagwL9GS']
280,['7b85ve82Sh36a3UAx74wut']
281,['1dLWg6m8RRhizsdqJbhyj3']
282,['4opTS86dN9uO313J9CE8xg']
283,['7HL4id2U7FSDJtfKQHMgQx']
284,['62olK5zZHSgFUXGDykgBL8']
285,['0cc6vw3VN8YlIcvr1v7tBL']
286,['3BVkDHWRvLJEyKdvhLbjsq']
287,['7HLvzuM9p11k9lUQfSM4Rq']
288,['3tufWJzpCiAGleBt5TkmTn']
289,['7Ey4PD4MYsKc5I2dolUwbH']
290,['3UbyYnvNIT5DFXU4WgiGpP']
291,['1LB8qB5BPb3MHQrfkvifXU']
292,['2cnMpRsOVqtPMfq7YiFE6K']
293,['58lV9VcRSjABbAbfWS6skp']
294,['6H1RjVyNruCmrBEWRbD0VZ']
295,['711MCceyCBcFnzjGY4Q7Un']
296,['0KyCXNSa7ZMb5LydfKbLG3']
297,['1hXjTjJzZTXDZ75AclOo6N']
298,['6ZPbX2Lxd40e2UVkXpyxvI']
299,['09hNSPPOxDop4FRdr6UEnq']
300,"['0rvjqX7ttXeg3mTy8Xscbt', '5xQKoGD7Ql92fWd1uWwKkf', '3Y3xIwWyq5wnNHPp5gPjOW']"
301,['6IRouO5mvvfcyxtPDKMYFN']
302,['55vs7NT1KxcFjbMC4y202E']
303,['1Ha0Fz4i0d4gu5fZbhBCtH']
304,['29kkCKKGXheHuoO829FxWK']
305,['34jw2BbxjoYalTp8cJFCPv']
306,['26bcq2nyj5GB7uRr558iQg']
307,['2CLVPk9FcywjClBcTvWPkT']
308,['4YfnJEbTz8QLD5FusYFwV6']
309,['2m62cc253Xvd9qYQ8d2X3d']
310,['3CkvROUTQ6nRi9yQOcsB50']
311,['2utNxkLhreF1oIfO8kQT3q']
312,['3lHXm91pKLq9Sxi6CoRKWu']
313,['6w6z8m4WXX7Tub4Rb6Lu7R']
314,['2hl0xAkS2AIRAu23TVMBG1']
315,['7AC976RDJzL2asmZuz7qil']
316,['6JkwVYzCLtt9ZwNNk6g7Th']
317,['6zDBeei6hHRiZdAJ6zoTCo']
318,['3D04N2X2w6vUGeyG94FBaY']
319,['7dpKVB4mK3ufNdZOpMKtrd']
320,['6XwcepfAsPhrvwziGxhwju']
321,['3zOKGDS77tYdGFQ6UJMC4E']
322,['45Dc572GdbJ6Guc8X3UW24']
323,['3Z40kLBFU7C8532e2YLE9t']
324,['3vldh5Ceynytj6Iglw4haP']
325,['4LOM7NzyrZvlGSYPFDsnTk']
326,['0nnYdIpahs41QiZ9MWp5Wx']
327,['1KGcdM5KxCVydaHe29QAj9']
328,"['3QaxveoTiMetZCMp1sftiu', '5aYyPjAsLj7UzANzdupwnS']"
329,['2xW3pBjCngD69hC1wIUgjA']
330,['0xZvYTiM5QT94j1abOm0nC']
331,['1Eie0tY91rpi7Y0jtIOXzI']
332,['6oBm8HB0yfrIc9IHbxs6in']
333,['6prmLEyn4LfHlD9NnXWlf7']
334,['1dIdBZaaHRW2bDTkHNfWln']
335,['6OqhFYFJDnBBHas02HopPT']
336,['5a2w2tgpLwv26BYJf2qYwu']
337,"['3sXErEOw7EmO6Sj7EgjHdU', '5T68nryXXOMNE2kVe61fKX']"
338,['0aoBUiGI5wrK7DOWJAzAKe']
339,['1KNXft7nnRQj82sENi7WGN']
340,['3u6lPufHw4Oww6D88rv6sB']
341,"['6apXk5PGvEVbgXOTyk6fP1', '1nsdnHv49z0H5oPj3sJ3to', '1AHswQqsDNmu1xaE8KpBne', '4FeLiFUPdxVfFo8oOfA4BH', '2SXhbucehn00OBVKhzxDyM', '76SlrtEaq2oViRXulxjfuM']"
342,['3IhYHKVt0Q9vxCCwiCHahR']
343,"['6MoQZOH2KnQrJhVtO9VoXC', '0DtXHIvJ8NWBg5pGvsgWnR']"
344,['4SQdUpG4f7UbkJG3cJ2Iyj']
345,['4dpARuHxo51G3z768sgnrY']
346,['4xFUf1FHVy696Q1JQZMTRj']
347,['5wugb0kaq0J6nyQ5Xgd17i']
348,['46CitWgnWrvF9t70C2p1Me']
349,['54T53xiM58rmjU9dbA2Lu8']
350,"['1AgxgADPuRIW1wyaA4OKcB', '02YLJJnWC7YQVixkjEBRn7']"
351,['7h4j9YTJJuAHzLCc3KCvYu']
352,['2U6gqwyl9F33YxawnFrZG7']
353,['37NqXwtb6nIEqRt4EJSoIO']
354,['3WrFJ7ztbogyGnTHbHJFl2']
355,"['7FIoB5PHdrMZVC3q2HE5MS', '74ASZWbe4lXaubB36ztrGX', '6v8FB84lnmJs434UJf2Mrm']"
356,['3RTzAwFprBqiskp550eSJX']
357,"['0Lpr5wXzWLtDWm1SjNbpPb', '4vpDg7Y7fU982Ds30zawDA']"
358,['1PCZpxHJz7WAMF8EEq8bfc']
359,['6vLlQYujOujIrm7zAKzEdG']
360,['4pJCawaKSZ40EnxN0YEYw3']
361,['3v4feUQnU3VEUqFrjmtekL']
362,['5QNeV0eXW8W8SVXeALkOpB']
363,['6waa8mKu91GjzD4NlONlNJ']
364,['7i9m03TFsX9pDuP4CFDw3o']
365,['0543y7yrvny4KymoaneT4W']
366,['320EPCSEezHt1rtbfwH6Ck']
367,['7CCn4PFRRRZF127jtCBAUe']
368,['1bs7HoMkSyQwcobCpE9KpN']
369,['2jgPkn6LuUazBoBk6vvjh5']
370,['48YxSlb23RAaCd4RyHcV9V']
371,['2kuNswDC82PL9xRbfaZJaS']
372,['01hRNr3yF5bYnPq4wZ88iI']
373,['4Q82S0VzF8qlCb4PnSDurj']
374,['57xdnSVt4ahJCIXYLieQ25']
375,['3i9hP422d2KMjaupTzBNVS']
376,['5670CyWrIOA7702gNjsGMZ']
377,['4QmkLL9JOqM9dusHS1Hghe']
378,['3UmBeGyNwr4iDWi1vTxWi8']
379,['2HBbky0Z08ZcCKVsXWbNE4']
380,['2VL8sLEJ6lHEwocjc1pN9w']
381,['3mY9Ii0cL5SQxpOTAm8SHx']
382,['2CvCyf1gEVhI0mX6aFXmVI']
383,['5l8VQNuIg0turYE1VtM9zV']
384,['2pdvghEHZJtgSXZ7cvNLou']
385,['1CYsQCypByMVgnv17qsSbQ']
386,['08F3Y3SctIlsOEmKd6dnH8']
387,['3eskO5m0H4yiF64vRySBjr']
388,['0rESpKEusFHxhW59MIf7eM']
389,['040Bv6cZTRh30LyyYVXgJX']
390,['3Q6OOkfssqoMSTtl11J5Uk']
391,['1yap1SgRPMxgyfrrDlQ95y']
392,['1KA3WXYMPLxomNuoE22LYd']
393,['22bE4uQ6baNwSHPVcDxLCe']
394,['776Uo845nYHJpNaStv1Ds4']
395,['36QJpDe2go2KgaRleHCDTp']
396,['22WZ7M8sxp5THdruNY3gXt']
397,['3IunaFjvNKj98JW89JYv9u']
398,['1Uk1GyijF6fSfX4mWq5bfR']
399,['6zcDLZ62JsbVM1nLrQMzi4']
400,['4wXchxfTTggLtzkoUhO86Q']
401,['4nxKz1dRYXnsGzN1lUURtG']
402,['4aKWmkWAKviFlyvHYPTNQY']
403,['3mIj9lX2MWuHmhNCA7LSCW']
404,['2D4FOOOtWycb3Aw9nY5n3c']
405,['6lcBiGiT3dlyDMjBBtfyfS']
406,"['0ZxZlO7oWCSYMXhehpyMvE', '5szilpXHcwOqnyKLqGco5j']"
407,['6fC2AcsQtd9h4BWELbbire']
408,['1btWGBz4Uu1HozTwb2Lm8A']
409,['0szWPxzzE8DVEfXFRCLBUb']
410,['7bcbShaqKdcyjnmv4Ix8j6']
411,['3Bd1cgCjtCI32PYvDC3ynO']
412,['5vBKu1igxFo6g1sHADkIdg']
413,['3iOvXCl6edW5Um0fXEBRXy']
414,['1UUvXNGYI5Rib9vh2516FT']
415,['6FqXAd1hQl7vVdIQ3hhtgc']
416,['5fBcVfTWenqUDOYR5SjzEQ']
417,['6bVRNVg2f91pCAyKnrIOW0']
418,['4RddZ3iHvSpGV4dvATac9X']
419,['2MqhkhX4npxDZ62ObR5ELO']
420,['6B5c4sch27tWHAGdarpPaW']
421,['1E4r4z7ivGUcSAnCbINJ9v']
422,['5BtHciL0e0zOP7prIHn3pP']
423,['4IR8ZkpbyyKrqsIzchF3NB']
424,['70BYFdaZbEKbeauJ670ysI']
425,['2xiIXseIJcq3nG7C8fHeBj']
426,['7qAcXJgt1PWnxwUgxMdyuk']
427,['0REMf7H0VP6DwfZ9MbuWph']
428,['0DrXhci3WAyo0WJv1RBOG6']
429,['1UdQqCUR7RwB9YYJONwbdM']
430,['2RTUTCvo6onsAnheUk3aL9']
431,['21ALJSG7U07dShegeJQ2xA']
432,['0EyuKHE1AeE9lWUF8mzKVp']
433,['4nCzT3o7lMgCWBcmdwCMsT']
434,['74eX4C98E4FCrAMl39qRsJ']
435,['502ZZTWlqgS1Ht62ewubEJ']
436,['01crEa9G3pNpXZ5m7wuHOk']
437,['1KEUVZo7CMTSJoM8doulOT']
438,['5V5NZ8y72BgxpB6rN4XxtI']
439,['6GfiCQDFYANz5wUkSmb3Dr']
440,['5KDIH2gF0VpelTqyQS7udb']
441,['56dO9zeHKuU5Gvfc2kxHNw']
442,['3dXaa6jwM7B52GZpaJEIr5']
443,['3TOqt5oJwL9BE2NG9MEwDa']
444,['49qiE8dj4JuNdpYGRPdKbF']
445,['6gZq1Q6bdOxsUPUG1TaFbF']
446,['7fWgqc4HJi3pcHhK8hKg2p']
447,['4PoYwGOztIrPpBfRIlMSxP']
448,['2Pfv2w8a20xzC7Dr7QXRqM']
449,['7JDSHlDdVTo7aZKdQZ53Vf']
450,['5t28BP42x2axFnqOOMg3CM']
451,['6KO6G41BBLTDNYOLefWTMU']
452,['3n4ersmDo55xV4fPSCKpXb']
453,['1xJ6l1VXgGuyZ0uhu27caF']
454,['6BdSOHfQ6kMg0tbAFlXR1z']
455,['49bzE5vRBRIota4qeHtQM8']
456,['5v6wlK6GCKVovWMbPqSHNy']
457,['7xovAENFxmyEWhzbnHsB3Z']
458,['6VDdCwrBM4qQaGxoAyxyJC']
459,['1UfzhwcOR4yfX7yHTPfC9m']
460,"['7gjAu1qr5C2grXeQFFOGeh', '4pb4rqWSoGUgxm63xmJ8xc']"
461,['4l1cKWYW591xnwEGxpUg3J']
462,['4gwpcMTbLWtBUlOijbVpuu']
463,['1xU878Z1QtBldR7ru9owdU']
464,['6R664N4cEza3eORSqKSgO4']
465,['75dQReiBOHN37fQgWQrIAJ']
466,['3ViZST9PgFoieuOHY2GZMp']
467,['6FIrstf3kHEg3zBOyLpvxD']
468,['5DK8eK7fjvRsziXzyr3sFA']
469,['0hAd6zwEgt9ILuMDY1prcI']
470,['29TCgxO6qzQx4O3pjUIMzn']
471,['75CziSb5bEWIj1m8TdMwYy']
472,['4YZ5ECfbM2xSTSQTJGBbO5']
473,['5rebfYbZVIhbRVcRKWVOAh']
474,"['7FBcuc1gsnv6Y1nwFtNRCb', '55VydwMyCuGcavwPuhutPL']"
475,['74XFHRwlV6OrjEM0A2NCMF']
476,['3vAaWhdBR38Q02ohXqaNHT']
477,['3WfJ1OtrWI7RViX9DMyEGy']
478,['09J4zbHHwNNlN2tfgJIg21']
479,['3PgEvPJKRuil74QPX8wtXY']
480,['48PAAxWdIDbA4WHkHjgsEv']
481,['458aS6ALc3QkzwfR5USt34']
482,['7oHJbmt1VAj16Tm6nJpSqr']
483,['73rPcaYEhBd0UuVZBqqyQJ']
484,['0m34JtkojthW5WYugFm0e3']
485,['1jNnM5dm7dzt16IocWCvJc']
486,['6UE7nl9mha6s8z0wFQFIZ2']
487,['6UOcY6w4K6Ek5Lw5rFDHdP']
488,['6Jrxnp0JgqmeUX1veU591p']
489,['4hiLNlqr4vQdiuo1aQKSXS']
490,['5YkBrE0wF8cAlq3GCOw5Eu']
491,['56ZTgzPBDge0OvCGgMO3OY']
492,['1ybAN3utgdoUL1MUCtH4QM']
493,['59pWgeY26Q6yJy37QvJflh']
494,['0Y6dVaC9DZtPNH4591M42W']
495,['16lg8y62dC3J6ok1pNAbFJ']
496,"['1bwUhKRmEkOZ1wuTnV9XjC', '6NrkINd80slV25wkBu9mEB']"
497,['3Sz7ZnJQBIHsXLUSo0OQtM']
498,['0pg0Zm8FsGAYy5kdHuBnSo']
499,['6lcwlkAjBPSKnFBZjjZFJs']
500,['0m5FakHKCQdA7UN0PIzMcL']
501,['3XxNRirzbjfLdDli06zMaB']
502,['2cAvReLDmjFQtCJFDJbHBU']
503,['6mOWFF6HJ6krnIpW0CHLQm']
504,['1AbJ2cmwK400LSvdvBL5Jc']
505,['77mJc3M7ZT5oOVM7gNdXim']
506,['2ueoLVCXQ948OfhVvAy3Nn']
507,['7K3zpFXBvPcvzhj7zlGJdO']
508,['7hAolICGSgXJuM6DUpK5rp']
509,['5GGJosGMs08YEmKTZJe1fL']
510,['2qqZbV6smvvtohQOUgZqKa']
511,['1VmIiQ7VHrqHg90igSWrB0']
512,['3ir2pF2mkiEWqyPenKTh5e']
513,['4aEuFytRb43SAgjchJDk5e']
514,['12j6dJrPXanCBwY599pZxf']
515,['34A8vV1MCxGpA14KspqQuC']
516,['37w38cCSGgKLdayTRjna4W']
517,['4QkSD9TRUnMtI8Fq1jXJJe']
518,['7MoIc5s9KXolCBH1fy9kkw']
519,['73MDShZzdL4vUGMkmXOG6X']
520,['5PbpKlxQE0Ktl5lcNABoFf']
521,['1qpR5mURxk3d8f6mww6uKT']
522,['4YrURxtCHtPBfNDmMNp7IG']
523,['1xcMOgFUM1IYZE22YjCvsL']
524,['0MfC3pip8rY8OFLJVVNvBO']
525,['7I3bkknknQkIiatWiupQgD']
526,['25jJ6vyXwTRa0e6XCcdR6U']
527,['53k2km8u55n9YaJJB7scjX']
528,['347ZYa3M1wIhZ3j8Awnd19']
529,['12rBrcOPP50qIan8ew4iTP']
530,['4PVn1b2WnnXdq80C7uaZLZ']
531,['7i1CyQ1fogh4bkj3EPj3ls']
532,['0tbeZu9lv8YEKSQ9tZSslu']
533,['2tAqnHDAgnGtjnlzyoa38L']
534,['1oPRcJUkloHaRLYx0olBLJ']
535,['3SmyWs7ou3udD8gtM0Z6Vx']
536,['7Ln80lUS6He07XvHI8qqHH']
537,['1GLtl8uqKmnyCWxHmw9tL4']
538,['0Ya43ZKWHTKkAbkoJJkwIB']
539,['450iujbtN6XgiA9pv6fVZz']
540,['7FPkZue0zzjHaOPJb4WCw3']
541,['3M4ThdJR28z9eSMcQHAZ5G']
542,['0LbLWjaweRbO4FDKYlbfNt']
543,['0Ak6DLKHtpR6TEEnmcorKA']
544,['6hl5k4gLl1p3sjhHcb57t2']
545,['4fSPtBgFPZzygkY6MehwQ7']
546,['1NfJU4hy56Z4UM4iyIa1B2']
547,['11wRdbnoYqRddKBrpHt4Ue']
548,"['2Z7UcsdweVlRbAk5wH5fsf', '1ctkBmvz80MGyi72Ix055S', '3M0H4efyA5YcijrKlaKbYn', '07xbJ7SM1JopFtI1qXvSww']"
549,['0sYlth2PW1zWJMEU2vCukz']
550,['1Li0eIWeMeWcOOWpImcG9H']
551,['4kzBapiIVMxwhJLsTm28Gc']
552,['0epOFNiUfyON9EYx7Tpr6V']
553,['0XNa1vTidXlvJ2gHSsRi4A']
554,['1rAv1GhTQ2rmG94p9lU3rB']
555,['3WaJSfKnzc65VDgmj2zU8B']
556,['7vkiEK5D7Gf0z4M1Va0CXD']
557,['26T3LtbuGT1Fu9m0eRq5X3']
558,['3mVWMgLc7bcyCBtL2ymZwK']
559,['4wo1267SJuUfHgasdlfNfc']
560,['4mLJ3XfOM5FPjSAWdQ2Jk7']
561,['6fHETUBbKmdmgybtFOFQuc']
562,['0IBAqjHG8DSaD7PPCGnGiZ']
563,['51Eq6WMVEOjjx9KQMAnneG']
564,['0vW8z9pZMGCcRtGPGtyqiB']
565,['0aLsJXIaJ6MMCZIzaGpMaX']
566,"['22RISwgVJyZu9lpqAcv1F5', '6OiHleP2bHM18dXq4aZQWt']"
567,['4fgXfJCQnK6c44u4KzAtQP']
568,['45FqwUG4hTT6d39r2HUsUe']
569,['52pNByiBWx6SVMMqqcCA74']
570,['7DruTvBV7owt1aSAZHsU58']
571,['4hfrzKkUsrb3Cz209SKxbo']
572,['1ShwUjKIwQRaUJij7jgRhp']
573,['7jZycSvTyx0W9poD4PjEIG']
574,['3E3NOIlw2s1ZPU9GRB9jaq']
575,['7MkyChCSbNBozQ6jq79lop']
576,['01ZP85CNi7Y9t1e0one46k']
577,['14Gi3Uph96lpNB3utkoVAD']
578,"['1fy3AQc7grjf5LnCd7snSg', '7x5rK9BClDQ8wmCkYAGsQp']"
579,['4LlDtNr8qFwhrT8eL2wzH4']
580,['35YNL4wwv11ZkmeWWL51y7']
581,['0ikiOZC4SDG6OrgHLESydg']
582,['60XHOAhvEBiV6BGBOv8ClM']
583,['1ZjTtkG8iHppYgibGNc4rw']
584,['1aVH8BgQhW8TT5hgNGwLc7']
585,['5PVSEFUT4Inqu3yEq56Ku9']
586,['2EvbFiMccizWo76HwbEaJX']
587,['1XgFuvRd7r5g0h844A5ZUQ']
588,['6H4lieipng8aGu3Hbd1UeJ']
589,['2wpJOPmf1TIOzrB9mzHifd']
590,['0L8ExT028jH3ddEcZwqJJ5']
591,['7jy3rLJdDQY21OgRLCZ9sD']
592,['78SHxLdtysAXgywQ4vE0Oa']
593,['2ziB7fzrXBoh1HUPS6sVFn']
594,['5xUf6j4upBrXZPg6AI4MRK']
595,['2UazAtjfzqBF0Nho2awK4z']
596,['40Yq4vzPs9VNUrIBG5Jr2i']
597,['4iudEcmuPlYNdbP3e1bdn1']
598,['64tNsm6TnZe2zpcMVMOoHL']
599,['0iHb0mCbqZTYeb4y9Pirrd']
600,['0XHiH53dHrvbwfjYM7en7I']
601,['02NfyD6AlLA12crYzw5YcR']
602,['2d0hyoQ5ynDBnkvAbJKORj']
603,['6GbCJZrI318Ybm8mY36Of5']
604,['1fSzW5cXBmquli5laFnoGY']
605,['4DFhHyjvGYa9wxdHUjtDkc']
606,['64mPnRMMeudAet0E62ypkx']
607,['2yEwvVSSSUkcLeSTNyHKh8']
608,['4pejUc4iciQfgdX6OKulQn']
609,['4zYQWYmtimAEmI6WWEzGfO']
610,['7CHilrn81OdYjkh4uSVnYM']
611,['0T7JQxpy1Li93vLNirbv0Z']
612,['07jc1IMGtecDZzOL9cP50t']
613,['6Uhp7WA6sjm5ZL6Xz561de']
614,['3R0asV2e7pWetezwXtpDLG']
615,['2zq0uqN9Wq12tqrQQt1ozw']
616,['3MomZRiJwdZmYnysgtF4Ey']
617,['6yyZgcrQ10gThrJxzqogiP']
618,['0qB0cTENhSUc0feov5qbg0']
619,['5HUFo8AH9ZILmlyKFfEMNP']
620,['5sD1ZLf2dGQ9gQ3YJl1eAd']
621,['415JrPfN7ukaTu8JV8BLE8']
622,['58etTNn7xmsQZhjnfjpAXL']
623,['3XR64HmFo4OvexUUNW7TP0']
624,['3Ukr3Ufjg8ygRJv7Ww887f']
625,['2QMMktUMtwMSwUZATX1cRO']
626,['3R6c2tWDBeYB1GncjLMn9n']
627,['02uYdhMhCgdB49hZlYRm9o']
628,['3HCpwNmFp2rvjkdjTs4uxs']
629,['62cvIQKyg3aHsHNgPxzGPT']
630,['1TKaUU8ooBgSW9TlyKsw6k']
631,['161AC1AVRkIGIMxyj5djFQ']
632,['538ZIoOw6wW1xdjuIaQHOS']
633,['4hvwEwrCmGj22uURGVET7Q']
634,['3yEnArbNHyTCwMRvD9SBy4']
635,['1fpXM23IoNckJ7NDAm8YJQ']
636,['41Q0HrwWBtuUkJc7C1Rp6K']
637,['2OpHxx1SArSMlBrIMM0aV9']
638,['0EdvGhlC1FkGItLOWQzG4J']
639,"['1YK8JdPbiaMSnf4hrlBkGT', '6MxlVTY6PmY8Nyn16fvxtb', '5HMFK1o5Bl9qY10PgavMhT', '3GBPw9NK25X1Wt2OUvOwY3', '74fkl73HDlCXw0l6cemB89', '65c0gzsw9JsPUxm09QPjQj', '45lorWzrKLxfKlWpV7r9CN', '4qKpLkR911SUlnd4HAtF79']"
640,['4uN3DsfENc7dp0OLO0FEIb']
641,"['6py4uFIC7T6RdrZnH6hFYJ', '2q0PlZJNGryR467EUNmWn7']"
642,['3XXrhkZKSGd3CUJQFnx5tQ']
643,['3ewpPJWBH1eiTYj9cZEce2']
644,"['7rN3Agir6FaZNfhf5V7mfN', '4ANigmoglCpG6sHgfT1hkB', '0Xl5J6iOgiQHFqgri7TF8j']"
645,['2PnETbh55Irnv3VAFBALfd']
646,['24FHFsVLTOio4dqqVMq5pe']
647,['75U40yZLLPglFgXbDVnmVs']
648,['3nnQpaTvKb5jCQabZefACI']
649,['32iQCp9tclqO3C99hRpAUR']
650,['1xJAOe5igcfHGUbMHxsTBq']
651,['4HncQjB1Qpyke5EJtU3e3Y']
652,['0Wnd6L0qEnk8jiCIHrWXaC']
653,['3oNy8cjBtJzLC07I70sklp']
654,['6rfFUodEv0dJxD1mKbDNdF']
655,['5U1A3TNJisLnVodHzWjCmL']
656,['1G4QsyR9Fj6k8JJK233X8C']
657,['5enSNzCwMx61gCMv9jaV4Q']
658,['3udlGv7o6NeUWRlRFGqPY9']
659,['3mGyF5kXDjEkLlFypJ93en']
660,['1mux8L6xg2Cmrc7k0wQczl']
661,['3W4lVkySjtIvd67UUg0F3i']
662,['1GfaAWKfZE9hrYS8IqkWKB']
663,['7FZj349hdLfD6qzXkJLuAh']
664,['1T9LdtwSTDoXrbkvHtKpGw']
665,['4FG27h3EzTkxI1YDnHhuRW']
666,['1FbygZnWsyUjzjTGLhWVlO']
667,['4zbqGb99bANxJBsvwRr2zT']
668,['21mgsWjJ4TmBxsUKexjJPT']
669,"['2W8yFh0Ga6Yf3jiayVxwkE', '6SvFyXN6qzhw95Bj4HoevV']"
670,['3famqI9bxiwLcAjRq3HuYl']
671,['2ftL3sXW7KDOBfVda7IXyA']
672,['2NQEwAVHBNcI0tGMLlWwF1']
673,['1bKdOEfMk4ftojJQdyV2Ik']
674,['2zwHaEmXxX6DTv4i8ajNCM']
675,['4SQxI8xg6LcSWL3KuGVHLa']
676,['6C0JkmxU2cgkVzotHJgfW7']
677,['6e9wIFWhBPHLE9bXK8gtBI']
678,['0ZZr6Y49NZWRJc0uCwqpMR']
679,['1JfkqBTXs6VC3JZ7RJNu7h']
680,['3nYYI90ObxhjLjdxaoXGSa']
681,['69761NObDw2KwmmFgZmxzC']
682,['6kUQJlewgd3UFKVYrrmILh']
683,['2yrbLiuBmc9j81lTX3XUuI']
684,['64CuUOOirKmdAYLQSfaOyr']
685,['1OxJzMLmR9l5zPLap9OxuO']
686,['5fbhwqYYh4YwUoEs582mq5']
687,['6h3rSZ8VLK7a5vXjEmhfuD']
688,['3LfO03nEZMdWNHG2tLpMa0']
689,['1zgNpeHQe8GulzfVkYP2VK']
690,['438JBZR1AR0l04AzcYW9gy']
691,['6D7h7R79IZjqJC2GM2wzyY']
692,['6gkWznnJkdkwRPVcmnrays']
693,['5fikk4h5qbEebqK2Fc6e48']
694,['4PpmBoqphQusNFsxuVKb6j']
695,['2NmK5FyrQ18HOPXq1UBzqa']
696,['5lpH0xAS4fVfLkACg9DAuM']
697,['6kz53iCdBSqhQCZ21CoLcc']
698,['2urZrEdsq72kx0UzfYN8Yv']
699,['6zpPKMhpOoG646kJgZ7RKf']
700,['7kCL98rPFsNKjAHDmWrMac']
701,['0s0rOb0gT2S9N0SDcjtPC4']
702,['7bKupnlF7XOfR1En3K8oAL']
703,['0L9xkvBPcEp1nrhDrodxc5']
704,['2u0gw0uCWBMiqV7h0N8kai']
705,['0gxyHStUsqpMadRV0Di1Qt']
706,['2kreKea2n96dXjcyAU9j5N']
707,['3oZa8Xs6IjlIUGLAhVyK4G']
708,['5IDs1CK15HegSAhGEbSYXo']
709,['5dcOK4stT4JDkP6Dqhbz5s']
710,['19xz1vcuKNjniGEftTOSSH']
711,['32lVGr0fSRGT6okLKHiP68']
712,['1HvcqyRLS9nF8hAbTWOqpr']
713,['3VNITwohbvU5Wuy5PC6dsI']
714,['4TwHRCIu3Xg9fjS3l7owkp']
715,['6twIAGnYuIT1pncMAsXnEm']
716,['6m30rs1IQqnWqV5nKMpU7U']
717,['3tx8fyu3c4OBP5nejYtUOb']
718,"['0FrpdcVlJQqibaz5HfBUrL', '61UT1Zj9dFgPAjZfwnsqsb']"
719,['545idYhdloaSlLGBY8E9u2']
720,['1EgGVV9cmmlLEsFlunjmvv']
721,['5m8H6zSadhu1j9Yi04VLqD']
722,['5SMVzTJyKFJ7TUb46DglcH']
723,['6is2U7I1jlI8PjxNZOHIMV']
724,['1fa0cOhromAZdq2xRA4vv8']
725,['2jS7I1u7BpgWT9ssG62Zr1']
726,['3lcbKPLl0ci2mKRdcP5Etf']
727,['5GtMEZEeFFsuHY8ad4kOxv']
728,['5MspMQqdVbdwP6ax3GXqum']
729,['62sPt3fswraiEPnKQpAbdE']
730,['2zFZiWQJFFshzojycnXoTL']
731,['296LotOmbj7eOX7r9l46fK']
732,['72y3ZI95ctkQC2O4mjBaU3']
733,['1mFX1QlezK1lNPKQJkhwWb']
734,['1eNkUXHPaXyuyC8NAgzykK']
735,['2IBPIcSkvQZyoaVfoyZKE8']
736,['1fvz0vd4P0LNMkAysF1ivk']
737,['1QtIfAa6y7w2JhxYJhYeUG']
738,['0EVUivUkugMtNF09L4QBMH']
739,['5r7mGejWrGSxheAYEIfSwI']
740,['7guDJrEfX3qb6FEbdPA5qi']
741,['3RwQ26hR2tJtA8F9p2n7jG']
742,['1ThoqLcyIYvZn7iWbj8fsj']
743,['6TKOZZDd5uV5KnyC5G4MUt']
744,['7fIvjotigTGWqjIz6EP1i4']
745,['2AV6XDIs32ofIJhkkDevjm']
746,['7Bah8E0kCETqEpAHI6CPzQ']
747,['0imE3buPhAowREqCrr4CYe']
748,['6xRlQCMpg8bmkHlluqDF7Z']
749,['7blXVKBSxdFZsIqlhdViKc']
750,['7hj7ffJe6UkF1gsMpuweSI']
751,['2TImI3DW7o5MdRXJs4D37h']
752,['2JX4h8xm0hNxCB0aNBWzyi']
753,['3kc5AFnL1TQQdNaMdSW2UO']
754,['2XiiUuK68XNdHaHOAF5hnT']
755,['558dSyN1mMqsKrEBcKJ2p0']
756,['2QlwnS23KrBeshXFyK5U6M']
757,['6AREOm8Z1J4bdpUiXg3YQQ']
758,['5Ix2ImVqEj1Alh3gwFuRoM']
759,['0o42tCraU6AHXirBdleTO4']
760,"['4ocdD0Bi1syVqLs1GiHqQ9', '0koPE9U3b5XYArKa7R2TLm']"
761,['39XT9gMoNmMCOlvTTR273m']
762,['7s3eCGNZMrwUQraXlocCBv']
763,['6FheakPfcCNN0NeROtOKeQ']
764,['5JjeHGbT33AQVjy1KGMLGi']
765,['3LP4XtcdBxAaO3ZevTTppB']
766,['1YWJ1WjMkBCB1X3QOJ1Wdn']
767,['0IErFrCRqxmr3Eybp17jAk']
768,['4Uc8Dsxct0oMqx0P6i60ea']
769,['3gBjSrNsYzzbeo0nwsL21J']
770,['1xVYxkSq6IWhFpSW1OMe41']
771,['6oWOHAOyBUn6aJlKIPJK9r']
772,['7fEXIS5LgSLbCdzTePqe0V']
773,['1Zi1c8sWZTy5rDiN3lAuEj']
774,['4AMBKLK4ZalL6gm7uvvdZh']
775,['4pZOG8ump4odtJJA4Cy7S8']
776,['5TwUXL3I6RaLckHy8le2Hq']
777,['4uvsnPZBQ71l1LEoEh4Q7Q']
778,"['16plk1BhihSieDutGFbLt8', '5nSAh3wlH7VaqpnkiMjzDs']"
779,['6o4O5GX5kOWAGXtZUedxo3']
780,['3zxKH0qp3nBCuPZCZT5Vaf']
781,['4frytKnOBrer4QVPWynGtX']
782,['1IpSmgcN9F3KNa7j9JtAE4']
783,['7AsPubxWM5tfW4hTZEL3aP']
784,['6wQMF27xWhSyJFnO9L5mQk']
785,['0abIHznUj0oKhDB29cpBZ9']
786,['5pjCYG6hPLBO3y4swxu3dh']
787,['04RtvnUz0XrUbUZzOA8ZoW']
788,['0pwyD6DhbFWn8uVSz2Fr0w']
789,['7MRDkEKtdsGcYn11A4qgUL']
790,['3kYFawNQVZ00FQbgs4rVBe']
791,['1NU9Em6e8dDo36Js6nEo3t']
792,['2C2sVVXanbOpymYBMpsi89']
793,['1BSXtdFlVDUOS6g1T3tmME']
794,['2ye2Wgw4gimLv2eAKyk1NB']
795,['1Yox196W7bzVNZI7RBaPnf']
796,['28hJdGN1Awf7u3ifk2lVkg']
797,['0NmYchKQ8JIR9QHYJA0FRe']
798,['1IQ2e1buppatiN1bxUVkrk']
799,['2tRsMl4eGxwoNabM08Dm4I']
800,['3JysSUOyfVs1UQ0UaESheP']
801,['76S65NHJHrNy4JTrXHP2BH']
802,['0L8QRAAuWjqvTM8FpQ1gYO']
803,['3BM0EaYmkKWuPmmHFUTQHv']
804,['14pVkFUHDL207LzLHtSA18']
805,['5i0ph60TnwTlIGrOZAmcZa']
806,['6JW8wliOEwaDZ231ZY7cf4']
807,['5fwaejlOHVBAw1KhIPPaQe']
808,['6SYbLA9utoNsllunR1TnkM']
809,['6KVc8Llznru8n9LVCYe9dz']
810,['0SbGI4sb8dAKFZnK7RFyhz']
811,['0zfT626RwO6zN3RDYeRit5']
812,['4fE4Bf0MM6lMJpHiHniPuW']
813,['0lVlNsuGaOr9vMHCZIAKMt']
814,['1m0B9ak05G0jqDY4ACLhQu']
815,['6159IBm5gLPwG4BcJXseXc']
816,['4CYeVo5iZbtYGBN4Isc3n6']
817,['71vVmHeNgCVSa5SVmfvscU']
818,['3JDIAtVrJdQ7GFOX26LYpv']
819,['0kq4QvLGV5t1ZoE6ittrLQ']
820,['4UjiBRkTw9VmvDZiJZKPJ7']
821,['6mdiAmATAx73kdxrNrnlao']
822,"['1DFr97A9HnbV3SKTJFu62M', '1AeC9AuzqGc3IXMC2T5xny', '6ZLTlhejhndI4Rh53vYhrY']"
823,['7Iffw1nP3NjCWkRIx3Ily9']
824,['34c4iQ5tkaZKu6Sv28BTde']
825,['4hxDvVq5t8ebPYPdBl1F9f']
826,['60S1OdBXBk4cCMbOxL2TqX']
827,['6LG6fIvh2XpjqHUuR7NRtt']
828,['1BBIIH0h76KN8gYeXFcPjR']
829,['4CzUzn54Cp9TQr6a7JIlMZ']
830,['5M52tdBnJaKSvOpJGz8mfZ']
831,['0UeVJTdCWGEFSSO9Tg9tiH']
832,['1ApBh0VSoxRjjT3kFQZrpz']
833,['5d6KI8frPEo3qGsIL8Sak2']
834,['0RFQyVQGVcECxnuSLvEKxV']
835,['0lKpKsvjBKLUeyVIAPHUy1']
836,['0cBWwOJCsZ9RQW9kBBw5df']
837,['6SLAMfhOi7UJI0fMztaK0m']
838,['568ZhdwyaiCyOGJRtNYhWf']
839,['3hOdow4ZPmrby7Q1wfPLEy']
840,['53fzjsJnjEKkA6TdncuIM4']
841,['5OyoCvyau6TiGqcCKnDBCR']
842,['63CZNEytugjFnZBdjBmWc8']
843,['4XX9YjNQrHTZfZz3DCX6DP']
844,['3TOKZohBEXnd5RgCXHUsH3']
845,['6YSjNCQzQQf62xXMW9nAaj']
846,['6gWsNpg9lhVbimwQ8bP5K1']
847,['5vGXVYudNgm9E7jhXMM0Ro']
848,['2OPyK48uFk5aZ8GKWa5FPl']
849,['25hbSOMmbhgqvonjC876UJ']
850,['5Vu87j6vCvfwc7FNVGnBwk']
851,['2OlZK0VIzr7wQYSrj9bOvF']
852,['42UrF25gDVhovYn4Dd422d']
853,['6WSTevYt4rGwm8QPKQr7dU']
854,['6dC0rIJNLSFZwqckLgXJ8p']
855,['1PDE2MIJ4M6uvFJDrslazf']
856,['6DvlemMOlMH6VD9tB7BPRf']
857,['0XNvr6bnNywV946ZKaJtr0']
858,['4cSYNpczcvTUpnPMFDLsIc']
859,['22lnnGKlaDxk8sfzCNRJuA']
860,['5s21IKPvmxRf9WxpO8H5UB']
861,['5VXPJC0PNpJbzB10A39G8E']
862,['7qgorhDacy1FRz5HkAhDtu']
863,['6QHYF8nHzzx2ENwolOLOdw']
864,['0WvTK38rXqPCD5pZMDuX20']
865,['2BUUAEl4BwFRA9NBDgMWSf']
866,['6bnlvICBjK7fuNSB1ohqS5']
867,['6Cr6Q95UA7G8C6t1e7d2kE']
868,['7Ai8EYRmzf3N9dhbPvOmQh']
869,['1JG8nsd3YNDOMUAv7EHXvK']
870,['760kxYHN5QTrD1DehiimjB']
871,['6eGuRZs8HIfjgRPPkkD0Af']
872,['6TeJpqb3PcvfHxjKAEKCNu']
873,['686zrKch7tQIpoOpdSIpTo']
874,['62TFj06qes00QmQuKmK7c2']
875,"['7EIOmfcBRSR63ZaUptkD09', '7FngGIEGgN3Iwauw1MvO4P', '3ddT1Q3KQAm1G7UcIfz5KJ', '6zqcGQ6MH6yetBUoquMnL7']"
876,['0r25HIHVcGcaEuJ8s5AK00']
877,['67qogtRNI0GjUr8PlaG6Zh']
878,['04vdWVjgi45nrMAxeCEVQe']
879,['3cQA9WH8liZfeja1DxcDYE']
880,['5QatamYwvUTOmMHW6WA0AG']
881,['5dbuFbrHa1SJlQhQX9OUJ2']
882,['3lPQ2Fk5JOwGWAF3ORFCqH']
883,['7A9yZMTrFZcgEWAX2kBfK6']
884,['6QtGlUje9TIkLrgPZrESuk']
885,['5lkiCO9UQ8B23dZ1o0UV4m']
886,['0PFtn5NtBbbUNbU9EAmIWF']
887,['46njgd2Rq9tZc4ZjeQMgbh']
888,['6P7H3ai06vU1sGvdpBwDmE']
889,['24GaH9tRBgZjlvOhpFuKi2']
890,['695W5F2Ih8dYahLdjVOIoH']
891,['0J2Ej2rMQyqaUX3G6MUISw']
892,['6IFXsrXBpwbIqtOUOiAa3p']
893,['530Sdm7eqqzWBdDmILMgnu']
894,['4FAEZeJcsYYBkNq2D3KGTV']
895,['0WgyCbru4tXnMsbTmX4mFw']
896,['1tfXh4XxILEuMU2qZupFn8']
897,['3Y5abCLsMxsOLaZ8rYusSR']
898,['1667U2YoucgG5Pdvm2M59c']
899,['6EJmqnuK0r6qiAevFFiNNR']
900,['6jdObwsrIjSRnBbMw6lPBj']
901,['0cA5Tg15TwARIRZeiNT1RO']
902,['3JhRHqCi8HEzkJVWt19LtN']
903,['7emRV8AluG3d4e5T0DZiK9']
904,['70ZTdbPEcEugBNay4MvxfL']
905,['1R6Hx1tJ2VOUyodEpC12xM']
906,['0fyqyjD7pbaVzbu94ylWQR']
907,['04LIHk1SobiQwt2tlupoAV']
908,['2ekjTXgjxbWwBX5lTAj4DU']
909,['3vMWY1bUrmYoSoEWLiQWOZ']
910,['2Mhi3jfuRSdbVZPdjqsnnN']
911,['0GByy3DcfbQwDvXGCWmzv9']
912,['2iM28IgKg89v1o7BTQAVPo']
913,['2yTUYhIf8fxptTIy3KLuJD']
914,['4Tw2N3wdvJPGEU7JqMxFfE']
915,['01lz5VBfkMFDteSA9pKJuP']
916,['0DK7FqcaL3ks9TfFn9y1sD']
917,['4XlcLj6bxCnpBIOHmBpIWP']
918,['1SImpQO0GbjRgvlwCcCtFo']
919,['3LC8PXXgk7YtAIobtjSdNi']
920,['1ToMIJExb7R5Klsff81NsK']
921,['7xklw3WodFZiNNmQt3DIgp']
922,['5ND0mGcL9SKSjWIjPd0xIb']
923,['7fTcs8dn9y6XuB2IqZMzBq']
924,['7gkRNHOOt7QfhhXf0rEnmj']
925,['6SiyKSeJo6gcsS2NvuAbsl']
926,['6we2CCxymhh4v30lZRhhpa']
927,['6urzdpGY5yUimWZsgJUoTb']
928,['7CGoviGsNXYmGOBkXk8dtW']
929,['1WsfEkSfrPIhy1lK7ZLRRH']
930,['3l02WF362j1oHOurzuseBv']
931,['4Cqia9vrAbm7ANXbJGXsTE']
932,['4Ros83hWMCi68biw25Xyxg']
933,['3jdirYL01245TvAH39GfM6']
934,['416gMRzj1LnFJvSBF5PO2R']
935,['6WMo39FU3nrpSz3qMgRKug']
936,['3qm84nBOXUEQ2vnTfUTTFC']
937,['6biWAmrHyiMkX49LkycGqQ']
938,['5XDeFQDarnwpR5WAfD6S0d']
939,['27T030eWyCQRmDyuvr1kxY']
940,['6fvN9GmMCVKb5LY0WsnjFP']
941,['45O9BwPMyywM755SYUK0sP']
942,['2Omy3P5hFZym7FKum1JA1s']
943,['00tVTdpEhQQw1bqdu8RCx2']
944,['5uSY4FF3dZMCVSkZslKCHi']
945,['21ysNsPzHdqYN2fQ75ZswG']
946,['5QjWgYDeKNP2iPHTdTttnG']
947,['2tFN9ubMXEhdAQvdQxcsma']
948,['2C9n4tQgNLhHPhSCmdsQnk']
949,['4OfvUFjzAjXY8XSWd8MBTE']
950,['4M0DLz8te9Q1lNIXBBwvfG']
951,['49mHZzhcsoQB1JXWv8Q9gU']
952,['0hEurMDQu99nJRq8pTxO14']
953,['7hbH1qupmU6HxVBjWJItlq']
954,['5nrKbDQoztn1qIZAwXvGUq']
955,['6JVRYNneRsYNInT4TNr5vU']
956,"['3RMHexittaAZkf8zukkZB8', '0FC1LIeQXKib0jOwZqeIwT']"
957,['0QrowybipCKUDnq5y10PD2']
958,['6DoH7ywD5BcQvjloe9OcIj']
959,['0EghvcisxKybq4CVO7rB5t']
960,['1NmZWNk3idvlh1wKjZOvnt']
961,['3MCxkaTJmYKH0FZbe3rYxa']
962,['7omzannyG2lfDqP5xyZo34']
963,['25mrbNwFzoqPWyYXLhiDRw']
964,['7J2lZBANizgPNfUzux31PV']
965,['2IAZ2xX1Ovh5jxhBWE7wda']
966,['6v4jPZO3UIDNJIgdxRxtr9']
967,['0CdbG1eHVjqjkQsGoH2u1V']
968,['6igfLpd8s6DBBAuwebRUuo']
969,['3bCmhyXqTr9ZNGlHNYNTFA']
970,['1yLlQimDTRrACa45u50LXW']
971,['0L6Gwm0JDrgIQJfjarWSUR']
972,['5aMmmNxw4vgpc5XC6hK0zp']
973,['7m60UAnbgFFNuJbmS6OxTk']
9,['4W4gYpQ2AQq7US2HZS13Qw']
