0,"['3TVXtAsR1Inumwj472S9r4', '0c173mlxpT3dSFRgMO8XPh', '67nwj3Y5sZQLl72VNUHEYE', '17lzZA2AlOHwCwFALHttmp', '1sBkRIssrMs1AbVkOJbc7a', '5IcR3N7QB1j6KBL8eImZ8m', '5OrB6Jhhrl9y2PK0pSV4VP', '20sxb77xiYeusSH8cVdatc', '6vXTefBL93Dj5IqAWq6OTv', '28ExwzUQsvgJooOI0X1mr3', '6f4XkbvYlXMH0QgVRzW0sM', '31HjiqargV4NAw4GZqUale', '6l3HvQ5sa6mXTsMTB19rO5', '0ONHkAv9pCAFxb0zJwDNTy', '13ubrt8QOOCPljQ2FL1Kca', '0fA0VVWsXO9YnASrzqfmYu', '5oNgAs7j5XcBMzWv3HAnHG', '0EeQBlQJFiAfJeVN2vT9s0', '0YWxKQj2Go9CGHCp77UOyy', '0QHgL1lAIqAw0HtD7YldmP', '6Ha4aES39QiVjR0L2lwuwq', '35sCXuy5gN6Or69rZ9vqBs', '4yBK75WVCQXej1p04GWqxH', '2jku7tDXc6XoB6MO2hFuqg', '6KZDXtSj0SzGOV705nNeh3', '7c0XG5cIJTrrAgEC3ULPiq', '1RyvyyTE3xzB2ZywiAwp0i', '13y7CgLHjMVRMDqxdx0Xdo', '15iVAtD3s3FsQR4w1v6M0P', '6AMa1VFQ7qCi61tCRtVWXe', '6Uh8uJyN9g7oFjDK16nJgb', '45a6gCQWq61lIUDmr1tKuO', '5gCRApTajqwbnHHPbr2Fpi', '0CKa42Jqrc9fSFbDjePaXP', '6GMYJwaziB4ekv1Y6wCDWS', '5K4W6rqBFWDnAN6FQUkS6x', '0Y4inQK6OespitzD6ijMwb', '2J257euzcjnDLipsyJH3F2', '18HVMQsV3tINaTyzT5UIjH', '6X8WdFjrNhXATMDSs26aCc', '0TkqXdyWLsssJH7okthMPQ', '0g9vAlRPK9Gt3FKCekk4TW', '3kf0gOpxWtkyeMNJVDQPtd', '7aA592KWirLsnfb5ulGWvU', '415rtLOb1FDKZAxo1IJ1hW', '3A5tHz1SfngyOZM2gItYKu', '68kEuyFKyqrdQQLLsmiatm', '2P5sC9cVZDToPxyomzF1UH', '1dqGS5sT6PE2wEvP1gROZC', '3s8alQfNnY0roAHaJh7Xxt', '7a9KRWdaSZktpGGnWndzbC', '2h93pZq0e7k5yf4dywlkpM', '73sIBHcqh3Z3NyqHKZ7FOL', '4V8LLVI7PbaPR0K2TGSxFF', '5xpkLC1MxiPRiIJUDEzuVm', '1Bl6wpkWCQ4KVgnASpvzzA', '07EcmJpfAday8xGkslfanE', '6vHBuUxrcpn1do5UaEJ7g6', '7BMccF0hQFBpP6417k1OtQ', '4fpwOzxFRMVGfd197dKIdY', '6aaMZ3fcfLv4tEbmY7bjRM', '1anyVhU62p31KFi8MEzkbf', '5M0lbkGluOPXLeFjApw8r8', '0ojcq9LJQWMawQdFDw3M0L', '7Hjbimq43OgxaBRpFXic4x', '1EpyA68dKpjf7jXmQL88Hy', '07d5etnpjriczFBB8pxmRe', '1FvjvACFvko2Z91IvDljrx', '0oBsnAC3fzYkTHF3bkfNx6', '5CCrgHVEWtg8YTEn1UaYug', '4bbjivSh1oG4NOc7uYHfw5', '6yR6M6V6I7GhhYf6A7Wif9', '5RADpgYLOuS2ZxDq7ggYYH', '0Y5tJX1MQlPlqiwlOH1tJY', '6I9TgZbapKRXsunA05fiPl', '1bPxKZtCdjB1aj1csBJpdS', '1SncSgYiDk2kCBBaXIYcwd', '4OBJLual30L7gRl5UkeRcT', '2YZyLoL8N0Wb9xBt1NhZWg', '0eVyjRhzZKke2KFYTcDkeu', '0T5OJgMVjKIX3b3W3ekqOl', '6aIm51fHkokqlJn2vzNTH8', '3ZooCJzNMTLpmJaIRUEorI', '36HvjE9pV91jEjO1qBRidS', '3D04N2X2w6vUGeyG94FBaY', '3Y365ZqTf6fJ4ZcRnLKPGt', '6vd2ks2rBpNPY4ebdEocpY', '0t5qZrvVCo9YIUT87SQrTn', '3jksrX4oBklxR78ft8gv3j', '08Ld63UgKrJ0nZnCkzHtzc', '1mceaxtjWdEmwoDVAlkC41', '7f35VZGDpomj11PXdNn5D9', '0P8YNJXX7QeQ8iZIUCXJgi', '4ubKsFJjMgWkARG6w2Qlv8', '5oFkj1qSlyBUmV5d6Edgtq', '4LLpKhyESsyAXpc4laK94U', '7rikNLN4AV6SQn9ryQFaMw', '1wUmdemiR9Dxw8A2el365A', '0uFc6StTmJBvdHPZFDkdJy', '6fxyWrfmjcbj5d12gXeiNV', '0B1prtAE9Ca9hTs0rUkjHG', '55Aa2cqylxrFIXC767Z865', '1fQ46lgoUCz8FVXdTVNk0a', '7jFaoqWPhYLrKzjzlpXmUO', '23LbwefIODbyGdRbAz3urj', '0VKTLKamj4IH8OfQbUL0kq', '6mXlDbi03T8wXYwWYew0Ut', '5einkgXXrjhfYCyac1FANB', '07VmOvmuBp9G0gb8BTrpn0', '4jWGfUCFeTu5e0wprRhHXR', '6z1cicLMt9XArxN10q7m8a', '0bfX8pF8kuHNCs57Ms4jZb', '12FHARd9fY0Tu0ila4Ua25', '0st5vgzw9XkH5ALJiUM1lE', '5LHRHt1k9lMyONurDHEdrp', '137W8MRPWKqSmrBGDBFSop', '0bdJZl7TDeiymDYzMJnVh2', '4tMm1dU6Gn04VAZ9ClHcIZ', '2ht3wxeT69CzyKFChNnNAB', '26s8LSolLfCIY88ysQbIuT', '6EXX0GpVsILp9TGCfu7AVG', '21O7WwRkik43ErKppxDKJq', '4sdwGT5t9Ws5vIosKccjIn', '2F3zBRfrDfm2FyNT0YKyAx', '2RPgvowoS8BYurtbUjwKjt', '2i59qMkZ79k8WTLV6gMJXY', '7Kp7SzuRuNiPFCy7JIwnLx', '49mHZzhcsoQB1JXWv8Q9gU']"
1,"['2HPaUgqeutzr3jx5a9WyDV', '4HzKw8XcD0piJmDrrPRCYk', '7mDU6nMUJnOSY2Hkjz5oqM', '2EMAnMvWE2eb56ToJVfCWs', '4IVAbR2w4JJNJDDRFP3E83', '6g8AmloI8egfrr3dm3SnUL', '3KV3p5EY4AvKxOlhGHORLg', '4W49e48G0gg1pucAN6JiGH', '45AMD9qU0ERQY5RvR7deHR', '7e1ICztHM2Sc4JNLxeMXYl', '1Xyo4u8uXC1ZmMpatF05PJ', '5YHM0i7v5TqqibZhS0YiuX', '0pghUohLPptZWBasy2wmUx', '1ZilzPhvZhYUCSGczNRlyt', '5ZS223C6JyBfXasXxrRqOk', '3tlXnStJ1fFhdScmQeLpuG', '3UjPnt2nRmw10N58bBeNOg', '20wkVLutqVOYrc0kxFs7rA', '3QTDHixorJelOLxoxcjqGx', '1A9o3Ljt67pFZ89YtPPL5X', '5RTLRtXjbXI2lSXc6jxlAz', '30DhU7BDmF4PH0JVhu8ZRg', '3fHjwMnkM9ov8CozqkYxWY', '5J7URjIP8aFmeSn2QwF9Au', '4isewEHTP7Az2QheDdBQ6J', '1uaS3ZokV40ZrpzSRhx4Ol', '3Y7RZ31TRPVadSFVy1o8os', '5aMIbwZQvP2MHPMVC5zCGj', '0fTav4sBLmYOAzKuJw0grL', '2vVT4qoxWje0gVD2FiWZ4u', '0hDjKSKjl1DC7ovYTDJHe8', '5FxD8fkQZ6KcsSYupDVoSO', '360IAlyVv4PCEVjgyMZrxK', '7r2oyrNc0YjSC7hZL87V0Y', '3jk39CGeaaSO3FPKNx1RUx', '6LuN9FCkKOj5PcnpouEgny', '0cGUm45nv7Z6M6qdXYQGTX', '7jZMxhsB8djyIbYmoiJSTs', '6hfwwpXqZPRC9CsKI7qtv1', '3KedxarmBCyFBevnqQHy3P', '7HkdQ0gt53LP4zmHsL0nap', '63XBtGSEZINSyXylZxEUbv', '0jUQSUOcM7lxVn5eVGTkzQ', '4k3yrCOPB5wp2ne8R9MQoM', '0AsThoR4KZSVktALiNcQwW', '2cWZOOzeOm4WmBJRnD5R7I', '3nViOFa3kZW8OMSNOzwr98', '1mKtlPrXjWK6oIdk9cSOjs', '16rCzZOMQX7P8Kmn5YKexI', '57LYzLEk2LcFghVwuWbcuS', '1CoZyIx7UvdxT5c8UkMzHd', '7JwNWaTv4y9WNJCihQFHpv', '0NIIxcxNHmOoyBx03SfTCD', '2EcDZA7LVlXzUhOqYzhNGK', '6tUJpYN2aYiXbzAcg0pIOo', '4fJsnm9CeDAPrwO4MAEToj', '63bCkf4n15jiKjHhLV7kSZ', '1cWyN6TA0n4j9JtqI0sOpt', '4o4tLTIJ3eWMFerz73atcT', '0XIKGBo9PnK1ApI5tZA60d', '0hCNtLu0JehylgoiP8L4Gh', '5yG7ZAZafVaAlMTeBybKAL', '4kYSro6naA4h99UJvo89HB', '7DuTB6wdzqFJGFLSH17k8e', '3amwMyDd1uxTBoUZlazZ9m', '6veh5zbFpm31XsPdjBgPER', '4PrinKSrmILmo0kERG0Ogn', '3IJ21966TwNZI24MwZHMu4', '6ueGR6SWhUJfvEhqkvMsVs', '1LzWWI9v4UKdbBgz8fqi15', '2YFBOR9KIxC6WqHclkj9Yq', '59KQTERLpPa7M0F25fRH6V', '7Gkyjs2OYQpJdOvvmwIz2Z', '3u579Gdap91lMptBSdXTpf', '181bsRPaVXVlUKXrxwZfHK', '37hAfseJWi0G3Scife12Il', '2ExGrw6XpbtUAJHTLtUXUD', '5hPcCMWgf6Qu9vUQVySwcY', '6apXk5PGvEVbgXOTyk6fP1', '5J1JcdYCPj44YKz6kVA5wx', '1nsdnHv49z0H5oPj3sJ3to', '3IhYHKVt0Q9vxCCwiCHahR', '7gWumE1wMALHXANLSIt054', '4guK7U9J36z76E1tWecJ0J', '32DuKytBMZn90iqyh2HEdc', '5cj0lLjcoR7YOSnhnX0Po5', '1U1el3k54VvEUzo3ybLPlM', '7i1CyQ1fogh4bkj3EPj3ls', '7tYKF4w9nC0nq9CsPZTHyP', '7GN9PivdemQRKjDt4z5Zv8', '0tbeZu9lv8YEKSQ9tZSslu', '7aFTOGFDEqDtJUCziLVsVC', '2tAqnHDAgnGtjnlzyoa38L', '3SmyWs7ou3udD8gtM0Z6Vx', '6lay1nwbE6hTx1jivysUAL', '2qDdxfKUpYg8wc49KIuT3b', '3PyJHH2wyfQK3WZrk9rpmP', '41I5xI04kixwmonDBl0Sda', '4udfTw7V8jI4AHi7PEfJfj', '6x3iaJYt5zLqKIfkrPQme9', '7BtDOCA9U1krM87JITg6bF', '21C9Dbg9CD3Dv8NaD7iW8e', '2OaHYHb2XcFPvqL3VsyPzU', '4imxqng3RrOBmykL2DhIJC', '2o9hRZ3xI27UQpHT61A4Mm', '6k970rXaWAWVfWMjqWtFNI', '16plk1BhihSieDutGFbLt8', '5nSAh3wlH7VaqpnkiMjzDs', '5t6cgFa6vbJbNuxUTgT1L9', '5AbLpsnTQVNB3OEadYiVrK', '5vfmmb3UHpuQWJ55JP9slk', '1DGAqC29aw0FpJCejAehVk', '2SXhbucehn00OBVKhzxDyM', '6o4O5GX5kOWAGXtZUedxo3', '4XX9YjNQrHTZfZz3DCX6DP', '1294QqYm1VuxxjRiL9M0h9', '76SlrtEaq2oViRXulxjfuM']"
3,"['21WS9wngs9AqFckK7yYJPM', '0GeeIVcvGA8GSlWsoY1dkG', '50co4Is1HCEo8bhOyUWKpn', '3hcs9uc56yIGFCSy9leWe7', '3HiuzBlSW7pGDXlSFMhO2g', '7yO4IdJjCEPz7YgZMe25iS', '1URnnhqYAYcrqrcwql10ft', '0VRj0yCOv2FXJNP47XQnx5', '2hlmm7s2ICUX0LVIhVFlZQ', '4Gso3d4CscCijv0lmajZWs', '6oMuImdp5ZcFhWP0ESe6mG', '6icQOAFXDZKsumw3YXyusw', '5dHt1vcEm9qb8fCyLcB3HL', '0WOxhx4hikIsyF3CRPLC8W', '46SHBwWsqBkxI7EeeBEQG7', '246dkjvS1zLTtiykXe5h60', '7iZtZyCzp3LItcw1wtPI3D', '7pFeBzX627ff0VnN6bxPR4', '1zNqQNIdeOUZHb8zbZRFMX', '6extd4B6hl8VTmnlhpl2bY', '6i392l38cR3uBPF0DbNs7S', '0NWbwDZY1VkRqFafuQm6wk', '2RDOrhPqAM4jzTRCEb19qX', '2I9SLklAOG0vdMiUUMNxRl', '1pPmIToKXyGdsCF6LmqLmI', '1MXZ0hsGic96dWRDKwAwdr', '04ei5kNgmDuNAydFhhIHnD', '0H39MdGGX6dbnnQPt6NQkZ', '2HUwZ0kumzCSlhFcjFZfpp', '0JOxt5QOwq0czoJxvSc5hS', '5zctI4wO9XSKS8XwcnqEHk', '0vRvGUQVUjytro0xpb26bs', '5lCY3tqdQxbeg5igSlObaT', '61qMnYXa1GxSBoV3IiYKjZ', '45m1IiS45uD1HcPlYkNWKj', '0A0FS04o6zMoto8OKPsDwY', '0tPjSrb43a58uznKru1k2P', '3Fdm9TFJQCLmC3AWMuGExi', '6Av6GMCOznZIlHuNcBWgf4', '6AUl0ykLLpvTktob97x9hO', '2HWXxzgBIr0RMSZmvMZeJU', '0iEtIxbK0KxaSlF7G42ZOp', '7rkW85dBwwrJtlHRDkJDAC', '2tIP7SsRs7vjIcLrU85W8J', '0X3nsc84A9qlFilmlWNwQb', '6AgTAQt8XS6jRWi4sX7w49', '4Ga1P7PMIsmqEZqhYZQgDo', '1cNDP5yjU5vjeR8qMf4grg', '6ASri4ePR7RlsvIQgWPJpS', '6MPCFvOQv5cIGfw3jODMF0', '0Yr4BBpK2dkCp2UsrJ9LZN', '3gGUMEwIX6XodWsYEvKSal', '4MCBfE4596Uoi2O4DtmEMz', '1iJdyDcY98X3GMnUesl7tf', '2ODbg2404zUzTi02qIPEjB', '3EIX8WuD9ybB4ruz0MSilB', '57SA5Qv24Vydwd6bJnV8fI', '6WkUZyqghQei2G809wMKuZ', '3Fl1V19tmjt57oBdxXKAjJ', '7GuUYiGZOzQwq4L6gAfy1T', '757aE44tKEUQEqRuT6GnEB', '0huGjMyP507tBCARyzSkrv', '7meyrw7Or5DwteYxDJrkCM', '4r63FhuTkUYltbVAg5TQnk', '2SJhf6rTOU53g8yBdAjPby', '21dooacK2WGBB5amYvKyfM', '5yPzzu25VzEk8qrGTLIrE1', '7wlFDEWiM5OoIAt8RSli8b', '6Xgp2XMz1fhVYe7i6yNAax', '4O15NlyKLIASxsJ0PrXPfz', '4IprNlQiJZUUJhDl0fL2SL', '0qpRQJnULShIWFKhcW5pce', '392I9I5QMSyoA0FmI5pVfx', '3M1quhETLChtt9NHKVaajX', '15UsOTVnJzReFVN1VCnxy4', '2rhFzFmezpnW82MNqEKVry', '1m7LSAMIB1BErIHYSOn32W', '5TbLOwv8BNnik3f03NZJlt', '7502fDxg339jvGV08Jd4R0', '5IbEL2xjRtKsunfmsahLuO', '1vb1XqzyNMQ16BqbxRz5BV', '0O1cTzccAEKaEFShgzAK9V', '5bCwYvvFvWOEXtO9W7p0Iv', '19uEVh7y7Y9RfjMphMamXc', '2lumbRIs61wTw0biiIAUDI', '7d3WFRME3vBY2cgoP38RDo', '4VQjfdCN5W8jvwy4AvEnin', '26LmKYZRstUUMu2LC2xen9', '6aLoJJxz7MV2iZ423S8tJC', '5SyGEPymt1G2uto47tVWvZ', '1DvtabXAjfrMihPP6JQdHs', '3tJoFztHeIJkJWMrx0td2f', '0RESbWvOMyua0yuyVrztJ5', '5lHRUCqkQZCIWeX7xG4sYT', '4cmA2QDPdzh8W2ytpyUGes', '5Berubt6ysOy2LCMyqhmXP', '7FBDXY8U17aasVTH3rgxbS', '7kwCkEJ384PWm0UQW3hxjS', '0xTcxl35DKXUeYRWqY10w6', '4SjND9kT6Ja5TSPZTyUUab', '7uaIm6Pw7xplS8Dy06V6pT', '3x3jSlhyv5CiCZDZlaTq0M', '0bZ9jANLkwEFVcSnHnwrpb', '5f7VJjfbwm532GiveGC0ZK', '6FqXAd1hQl7vVdIQ3hhtgc', '5fBcVfTWenqUDOYR5SjzEQ', '6bVRNVg2f91pCAyKnrIOW0', '2LakckgvXEtJlKOYP6BO11', '5RMUeKq0dZxg9RHE1f0B9P', '2KZnZEjvAYOkl85rluwNP7', '4hRL2QmahOYxXNmNKtG1AI', '2J6pigOrBmKQgqJUY5UM7r', '699OTQXzgjhIYAHMy9RyPD', '3uJx5SnOM59Li7lCxA3b29', '2WInxWtfee6mRhUQUmIRAH', '4ke9HXbejpYVMhbOjSa4le', '6m0MLa2Q5RwIF8R7nwQkQ2', '1ZLO8d7zll1WeQJUHaxQer', '7hj7ffJe6UkF1gsMpuweSI', '41klVmDluQZmGGqoidNfbe', '0Cu32uCaqDJYQADOev92Et', '2TImI3DW7o5MdRXJs4D37h', '1QdCkPulANBEZiaiAyLkak', '4PNHuWkk4ee6R8WEhFVPf5', '5g8mXUQcC8DVAHLwGGAIrJ', '2AfU5LYBVCiCtuCCfM7uVX', '6aiFCgyKNwF9Rv5TOxnE8E', '6z7xFFHxYkE9t8bwIF0Bvg', '0eDvMgVFoNV3TpwtrVCoTj', '4DdkRBBYG6Yk9Ka8tdJ9BW', '1tG7s7S4sq2eFFW0QZyLbm', '5O1YiYFy3CEWD2lkOmoerV', '4ocdD0Bi1syVqLs1GiHqQ9', '0koPE9U3b5XYArKa7R2TLm', '4VylF3B1rKCL5tdOJ8VL8o', '39XT9gMoNmMCOlvTTR273m', '2eqoJbzUGDwys5ENUkbT3h', '0ksX396B3t2Gt8kwr0BJZk', '6Vy1VMVCyTgbcmA1iz0QFg', '4JhbRL6zaItAyzqx4gHTqz', '14CHVeJGrR5xgUGQFV5BVM', '6LXRvV2OAtXF7685fzh3mj', '7s3eCGNZMrwUQraXlocCBv', '4FeLiFUPdxVfFo8oOfA4BH', '6FheakPfcCNN0NeROtOKeQ', '0HkcYmcjrBR3SCw9Ld5VZk', '5qrzeukNCU5ixZH3LhQi2j', '0WK3H9OErSn5zKOkOV5egm', '5JjeHGbT33AQVjy1KGMLGi', '7jVv8c5Fj3E9VhNjxT4snq', '6fWVd57NKTalqvmjRd2t8Z', '7vSY9HEreOqb1Llar3UC38', '7FGjkq9WfrRmBFL64ST0p9', '3hOdow4ZPmrby7Q1wfPLEy', '1lzugG0lqNh9nP6Fp2zG3c', '53fzjsJnjEKkA6TdncuIM4', '5OyoCvyau6TiGqcCKnDBCR', '63CZNEytugjFnZBdjBmWc8', '3wyVrVrFCkukjdVIdirGVY', '2HO2kO7O5gEnM91dhobllP', '6jGMq4yGs7aQzuGsMgVgZR']"
4,"['19Fi1Rj7kk8kyiwxpXy3yM', '2iojnBLj0qIMiKPvVhLnsH', '12PSlydMSjEHzSCj9X5qv7', '3aQeKQSyrW4qWr35idm0cy', '21E3waRsmPlU7jZsS13rcj', '20s0P9QLxGqKuCsGwFsp7w', '7G6hXrjGpi6I7waNl4wxAk', '0f5nVCcR06GX8Qikz0COtT', '1Xfmvd48oOhEWkscWyEbh9', '1W3FSF1BLpY3hlVIgvenLz', '1goOx6gnQdUllLfSMsL4Rt', '7bXgB6jMjp9ATFy66eO08Z', '7dpKVB4mK3ufNdZOpMKtrd', '6dROiL44pIQZVNZ6Bc0OJO', '6XwcepfAsPhrvwziGxhwju', '4p07QU02SrLsaORo25h2Lg', '7Aq8lpLMSt1Zxu56pe9bmp', '3sMYEBy0CZFxedcnm9i9hf', '4HgF4KnohByNElYid7iCNb', '3s2wTjWxK8NOX09dmsvVOh', '7352aRY2mqSxBZwzUb6LmA', '51d3rUlLuMh7EW09aMe7yj', '08p7B5OtcUuVblvkQIlBhJ', '0AunegKKH2ys98aLxq8G1A', '65OtBLtkrifQrdTlKI90IR', '7vMpNua6oKT52WWHNUJ1No', '6TrQLQR8tUluPbmdPy6jqY', '2r8r62VGJKGi463aH1HJUZ', '756t7CBmWLNYsshVtS6P44']"
5,"['4q3ewBCX7sLwd24euuV69X', '1i8SpTcr7yvPOmcqrbnVXY', '0qTZZWLzuD59Un5r1speHm', '5hdhHgpxyniooUiQVaPxQ0', '0tmwSHipWxN12fsoLcFU3B', '1fctva4kpRbg2k3v7kwRuS', '47MpMsUfWtgyIIBEFOr4FE', '6nVcHLIgY5pE2YCl8ubca1', '790FomKkXshlbRYZFtlgla', '6kq4GHwUcUojGIu0ziSNXf', '0GM7qgcRCORpGnfcN2tCiB', '00XhexlJEXQstHimpZN910', '2R21vXR83lH98kGeO99Y66', '6w9ToX5slZ4uIdmD17hJ3c', '5bWUlnPx9OYKsLiUJrhCA1', '7iK8PXO48WeuP03g8YR51W', '2wkoKEfS6dXwThbyTnZWFU', '1jSjfSgDjedJdi5MoyRu78', '1GAymyGBvB4gQy5Z5LZ1Wj', '64aJYyrXljOodnUG6jvhRD', '1RBzGO6Nm3uyhUSxP7EDWO', '5dbaLmK5SHLLg8Z4CcTJpX', '0eecdvMrqBftK0M1VKhaF4', '0haZhu4fFKt0Ag94kZDiz2', '5H1nN1SzW0qNeUEZvuXjAj', '0AspLZGQkP38yddNoD0pLn', '2ayNSoKPCRAfjp6hQ76hRu', '07YUOmWljBTXwIseAUd9TW', '6w3SkAHYPsQ1bxV7VDlG5y', '0EFisYRi20PTADoJrifHrz', '1fux65HMCBvfJHqlBc4Nno', '3RtNN1VnooWEn3KQk03DUL', '2wYOpkTJZGByNEOjEnSmoW', '5lFhCi03HDneWzvCxGctrT', '1pf0MPKfKdvS8J779mS1Ay', '1Ts9of7VPZElwPQnqnDSfW', '2LmcxBak1alK1bf7d1beTr', '2DspEsT7UXGKd2VaaedgG4', '2QUvtLq6oQaX0LNsYY2fas', '0eHQ9o50hj6ZDNBt6Ys1sD', '1phfTBIocBW3UwqcYjaEN6', '7qYeIN2r4H1kBvr0Gm9Iav', '7awyvLSthqOcL5A3hnR1pf', '49Z1AvGeUaBSanPaOmplK6', '1G89WXRVVAEjU4VIwgg6XD', '1mcTU81TzQhprhouKaTkpq', '1TtXnWcUs0FCkaZDPGYHdf', '1TA5sGRlKUJXBN4ZyJuDIX', '7hIqJfRYGBWWT1Qxu6Cpd2', '77GVmrLGuxNEvj2ibvT62v', '4bw2Am3p9ji3mYsXNXtQcd', '1VrWc8r4AjrR8YfT0vlsc7', '3ATyg4fGC9F8trfb0GRWmX', '0KKUc4amZyvswV2YL6WTar', '1vqR17Iv8VFdzure1TAXEq', '4m6ubhNsdwF4psNf3R8kwR', '3ou3XMRNmyDSy6gnC1bSgN', '7cYik4OyfBXYV5Z2TI7p90', '22P1OY4TRFRwhP0q29loQ8', '60XHOAhvEBiV6BGBOv8ClM', '2UZIAOlrnyZmyzt1nuXr9y', '6i3DxIlAqnDkwELLw4aVrx', '0i5iO6icb7kxg48thi9gBM', '3mOd9j63D2DAPnOzQBJhQJ', '2KxjMGXFgX1vt9grpbD3xI', '3LP4XtcdBxAaO3ZevTTppB', '77ziqFxp5gaInVrF2lj4ht', '6SGvRyZuaSuWmP6IWUKpGf']"
18,"['6eUKZXaKkcviH0Ku9w2n3V', '7n2wHs1TKAczGzO7Dd2rGr', '1Hsdzj7Dlq2I7tHP7501T4', '5pUo3fmmHT8bhCyHE52hA6', '4AK6F7OLvEQ5QYCBNiQWHq', '57WHJIHrjOE3iAxpihhMnp', '6T5tfhQCknKG4UnH90qGnz', '4GvEc3ANtPPjt1ZJllr5Zl', '4nDoRrQiYLoBzwC5BhVJzF', '2wUjUUtkb5lvLKcGKsKqsR', '1l8Fu6IkuTP0U5QetQJ5Xt', '0C8ZW7ezQVs4URX5aX7Kqx', '2wY79sveU1sp5g7SokKOiI', '4Rxn7Im3LGfyRkY2FlHhWi', '5CCwRZC6euC8Odo6y9X8jr', '2gsggkzM5R49q6jpPvazou', '0X2BH1fck6amBIoJhDVmmJ', '6VuMaDnrHyPL1p4EHjYLi7', '1bqxdqvUtPWZri43cKHac8', '3WGpXCj9YhhfX11TToZcXP', '2jnIB6XdLvnJUeNTy5A0J2', '5p7f24Rk5HkUZsaS3BLG5F', '4rQTEdG6hDVOlDUFKs9EjZ', '1zNqDE7qDGCsyzJwohVaoX', '0ZED1XzwlLHW4ZaG4lOT6m', '188VINPQh5dyNfLUkevKqf', '0uGk2czvcpWQA383Im6ajf', '7LImGq5KnzQobZciDJpeJb', '28y6CyJNkGNjJQKrlx4AmN', '1o2NpYGqHiCq7FoiYdyd1x', '6Dd3NScHWwnW6obMFbl1BH', '7nDsS0l5ZAzMedVRKPP8F1', '7gAppWoH7pcYmphCVTXkzs', '2WuKU0SYZOQyY3MmE4vtez', '5Y8eJDj37KhaEeqbVO7Ag1', '6dn6x1XOng3LOAnfTjUn77', '5Rl15oVamLq7FbSb0NNBNy', '1W7FNibLa0O0b572tB2w7t', '06HL4z0CvFAxyc27GXpf02', '6S2OmqARrzebs0tKUEyXyp', '6dJeKm76NjfXBNTpHmOhfO', '1KYszkVzlhV3rAqmAcYIgd', '6JL8zeS1NmiOftqZTRgdTz', '26VFTg2z8YR0cCuwLzESi2', '66CXWjxzNUsdJxJ2JdwvnR', '6jJ0s89eD6GaHleKKya26X', '1HY2Jd0NmPuamShAr6KMms', '0kkxsdcaWmWU2yWAqclDh4', '3Yl4nkmEa8BSuGWbwhdLDq', '4obzFoKoKRHIphyHzJ35G3', '1vSN1fsvrzpbttOYGsliDr', '4UFShyUQuA8dguoZrqX0jQ', '63yrD80RY3RNEM2YDpUpO8', '2FovgCfOwN9iqbkCBlKFdT', '3LjhVl7GzYsza1biQjTpaN', '6sCbFbEjbYepqswM1vWjjs', '58AqJv0sDFPFnnBcLT8eeX', '1uNFoZAHBGtllmzznpCI3s', '5JZ7CnR6gTvEMKX4g70Amv', '3pc0bOVB5whxmD50W79wwO', '3gIRvgZssIb9aiirIg0nI3', '0Qnx1MPnHYt3jJCYrRFVwX', '3sKeaby6GMSJWgYueZaSjE', '00TKPo9MxwZ0j4ooveIxWZ', '73eAAfRkS2Vi4hx68oTJJE', '49tQo2QULno7gxHutgccqF', '1e7K8jD3wRuQfnwDAOeGqe', '4jGPdu95icCKVF31CcFKbS', '1INuLZXjjVbcJRyWvD1iSq', '5xkAtLTf309LAGZTbvULBn', '5JMLG56F1X5mFmWNmS0iAp', '7zkwepHPyac6tCYl0fL0co', '2joIhhX3Feq47H4QXVDOr3', '3R80OE4RViOWbnuvqh0j8a', '00OF0nwYaoBSO3AnPVq3vE', '4ClziihVpBeFXNyDH83Lde', '33crDRqANd3NQHJagZkQ7O', '5ZsFI1h6hIdQRw2ti0hz81', '0znpFLuaey34oJTE1jHSnT', '09fEeGYqb3MUeV1c9BJgDI', '7gbmX8SsfjEjxDMzBi1ZOL', '79Xp2rRN7wdsaTJgttdX3K', '6sFHvCyqklnJpXC9Nh1aag', '4JNfz6aO9ZFz0gp5GY88am', '3mPc8WGusz2XF3Tvs3AKCR', '6qqNVTkY8uBg9cP3Jd7DAH', '6blEmsLU25ewy8hHtgZaSL', '6P5NO5hzJbuOqSdyPB7SJM', '5vBrKGOjN10BMwB0cJADj4', '2G8UkPZnQ8i78L8TfqP1X6', '6beUvFUlKliUYJdLOXNj9C', '2WzaAvm2bBCf4pEhyuDgCY', '7Lk9V7E1u5gqSHmtcKlOqH', '4tuJ0bMpJh08umKkEXKUI5', '5bmqhxWk9SEFDGIzWpSjVJ', '0tRFWXqKBBQcu5oFVOgVzX', '4WmAQDrrYtyygkRlm6VTtB', '7nnTzZ5tZrPx14iDnmjksU', '245PKF3hKjtxJKIG153kF0', '1eMmoIprPDWeFdB1FxU6ZV', '5qa31A9HySw3T7MKWI9bGg', '2AmfMGi3WZMxqFDHissIAe', '06vRrrjT3DBRkhBlXoBdYj', '4QFHHdZkeqmneDQqKIjAN8', '4NZvixzsSefsNiIqXn0NDe', '4u5smJBskI6Adzv08PuiUP', '45dkTj5sMRSjrmBSBeiHym', '2y9j8qUwBMGPYPQJJxmYzD', '5IH6FPUwQTxPSXurCrcIov', '4xnihxcoXWK3UqryOSnbw5', '3whuHq0yGx60atvA2RCVRW', '6M2wZ9GZgrQXHCFfjv46we', '4ScCswdRlyA23odg9thgIO', '1BhWF9W2PngtPSyobKg0rP', '15qI5w4XJFLRMwOp2VrlD5', '4NHQUGzhtTLFvgF5SZesLK', '64M6ah0SkkRsnPGtGiRAbb', '66TrUkUZ3RM29dqeDQRgyA', '1MIVXf74SZHmTIp4V4paH4', '7sfgqEdoeBTjd8lQsPT3Cy', '3EBRANWwnViQuBrImN61Z1', '7naAJDAh7AZnf18YYfQruM', '2NhdGz9EDv2FeUw6udu2g1', '5xi3SZpllRPAkoPVbjB6nc', '6mU8ucezzms5I2kNH6HNlu', '3NyNPJaemMYsL14DK2tO01', '2Ah7S4oLgEBYRbz2V0cZzU', '6KImCVD70vtIoJWnq6nGn3', '0du5cEVh5yTK9QJze8zA0C', '3zOKGDS77tYdGFQ6UJMC4E', '45Dc572GdbJ6Guc8X3UW24', '3Z40kLBFU7C8532e2YLE9t', '3vldh5Ceynytj6Iglw4haP', '4LOM7NzyrZvlGSYPFDsnTk', '0nnYdIpahs41QiZ9MWp5Wx', '1KGcdM5KxCVydaHe29QAj9', '3QaxveoTiMetZCMp1sftiu', '4dpARuHxo51G3z768sgnrY', '5WUlDfRSoLAfcVSX1WnrxN', '0CrCKxXekxMpkYfMEf8mca', '4fwuXg6XQHfdlOdmw36OHa', '6yZoNdsPrYLviaEOOzbZt8', '2U6gqwyl9F33YxawnFrZG7', '1bT7m67vi78r2oqvxrP3X5', '3Vl9fyKMIdLMswk8ai3mm9', '0t3QQl52F463sxGXb1ckhB', '52Syw7gkGRePCAYvEY2X9D', '4jbcqKzc4Wuy6MivHhzPrP', '1XgFuvRd7r5g0h844A5ZUQ', '7h2Y48bG543JDzEed383cx', '4q6hTJmeYXCwp0ivdtoSWA', '6H4lieipng8aGu3Hbd1UeJ', '2ajhZ7EA6Dec0kaWiKCApF', '2wpJOPmf1TIOzrB9mzHifd', '21mgsWjJ4TmBxsUKexjJPT', '2W8yFh0Ga6Yf3jiayVxwkE', '3famqI9bxiwLcAjRq3HuYl', '2OTfr6S2kuHRYStjt1IkY6', '6SvFyXN6qzhw95Bj4HoevV', '0GWCNkPi54upO9WLlwjAHd', '55fhWPvDiMpLnE4ZzNXZyW', '1RryIbDjpwt00AKkSpCGvP', '1cZQSpDsxgKIX2yW5OR9Ot', '1QRj3hoop9Mv5VvHQkwPEp', '3nYYI90ObxhjLjdxaoXGSa', '66W9LaWS0DPdL7Sz8iYGYe', '69761NObDw2KwmmFgZmxzC', '3gggmBN0erstm3YJvEGe3t', '4F61H4lx1js4wtWfb2Rfnt', '0imE3buPhAowREqCrr4CYe', '6xRlQCMpg8bmkHlluqDF7Z', '0Vw76uk7P8yVtTClWyOhac', '7blXVKBSxdFZsIqlhdViKc', '0K87f3owemzI8NUCoEIXOB', '1McMsnEElThX1knmY4oliG', '4VdV2qRAYBLINR6uU72V1J', '1YWJ1WjMkBCB1X3QOJ1Wdn', '5aTwY2xyrJy4cS1jlFg1oG', '0K0YUvOFH3TVILvIPBfeYN', '6fu9TecMw6TInkRRyXObeu', '3R5yFx0z6UkzAiNHCeBqUY', '5PixoCQS6eKSwUEBPN413C', '0IErFrCRqxmr3Eybp17jAk', '7aO285xSsCbjy0q9zEqXEk', '1GmsPCcpKgF9OhlNXjOsbS', '3gBjSrNsYzzbeo0nwsL21J', '2bp65KnFOIsIosBoqPzvNL', '74KM79TiuVKeVCqs8QtB0B', '1xVYxkSq6IWhFpSW1OMe41', '2kRfqPViCqYdSGhYSM9R0Q', '7pwufEBGfggjoI8twqlsmQ', '6oWOHAOyBUn6aJlKIPJK9r', '6Y64EaNqpqcZYTgs4c76gF', '3BxsweDMcgp9gNWmG40u6f', '5aHlyw2WWqZW0HLICBuv7U', '3DKkhRCGOG4e8IUPYFPfWs', '7fEXIS5LgSLbCdzTePqe0V', '1Zi1c8sWZTy5rDiN3lAuEj', '7okSU80WTrn4LXlyXYbX3P', '4AMBKLK4ZalL6gm7uvvdZh', '4pZOG8ump4odtJJA4Cy7S8', '5TwUXL3I6RaLckHy8le2Hq', '7BtVR5EyH1mjLM5bjXUD5s', '61lrTfBVPrE3DOTu9MGmhQ', '4uvsnPZBQ71l1LEoEh4Q7Q']"
8,"['4IWBUUAFIplrNtaOHcJPRM', '6ydoSd3N2mwgwBHtF6K7eX', '4GNC7GD6oZMSxPGyXy4MNB', '543ccHFPnZfJMD8tRGPtu7', '4EzkuveR9pLvDVFNx6foYD', '3QSQFmccmX81fWCUSPTS7y', '0B3N0ZINFWvizfa8bKiz4v', '4T2k9bgIoC8bbqjqiEl9vZ', '4kYGAK2zu9EAomwj3hXkXy', '5fywYLnKJi950Y5yMqavxm', '2jHp7gQArCQrlMvdrIVFCg', '6bh228LGC3eAzbplPWV02r', '25tMQOrIU4LlUo6Sv8v5SE', '2nJYGgfTf2846LtVB3AES8', '6TdfKQvrdHZdr4DIzjuWOr', '55VbVrjmAWcvCknVFfPzvK', '5xKp3UyavIBUsGy3DQdXeF', '2TL8gYTNgD6nXkyuUdDrMg', '58MLl9nC29IXbE4nEtuoP2', '4tqPTKknmeQK1uDEFVfX4G', '3LpLGlgRS1IKPPwElnpW35', '4m6VmvHDXWmVdIw6EJGQ86', '4gzpq5DPGxSnKTe4SA8HAU', '53A0W3U0s8diEn9RhXQhVz', '2QLe6Hv3OunsyrNaTRDxQn', '3bUwxJgNakzYKkqAVgZLlh', '3rIZMv9rysU7JkLzEaC5Jp', '0G8zjE6SsFTlbglCkU8pm3', '18Zv2g2vUcEGqJf6WnjfXN', '21UJ7PRWb3Etgsu99f8yo8', '2cGwlqi3k18jFpUyTrsR84', '1HGTHrRQkw0BtevSo1jucU', '74K7bX12L8GBAWvPuyIgJ7', '766wIvoqqGrjRDnExOjJls', '5Pwc4xIPtQLFEnJriah9YJ', '0zOcE3mg9nS6l3yxt1Y0bK', '3AQRLZ9PuTAozP28Skbq8V', '04gDigrS5kc9YWfZHwBETP', '5DYAABs8rkY9VhwtENoQCz', '6p5JxpTc7USNnBnLzctyd4', '2DaxqgrOhkeH0fpeiQq2f4', '6sN51vEARnAAdBw1IKZ8Q9', '7MhMgCo0Bl0Kukl93PZbYS', '1lYT0A0LV5DUfxr6doRP3d', '5yBDILLJyNFAjFpECkk7ys', '5vIOGcdmx1eIkq3ZtuS12U', '0sHeX8oQ6o7xic3wMf4NBU', '7sjttK1WcZeyLPn3IsQ62L', '3FUY2gzHeIiaesXtOAdB7A', '2PCUhxD40qlMqsKHjTZD2e', '7FgMLbnZVrEnir95O0YujA', '5PokPZn11xzZXyXSfnvIM3', '61YE3whKiuRr83j1yOm5M7', '3aBkeBhwadnWMWoVJ2CxJC', '6Hizgjo92FnMp8wGaRUNTn', '2sil8z5kiy4r76CRTXxBCA', '3Ngh2zDBRPEriyxQDAMKd1', '0ekbDNE2eOq8QiaXM34wer', '10exVja0key0uqUkk6LJRT', '16oZKvXb6WkQlVAjwo2Wbg', '3gd8FJtBJtkRxdfbTu19U2', '5sXaGoRLSpd7VeyZrLkKwt', '0n94vC3S9c3mb2HyNAOcjg', '79hrYiudVcFyyxyJW0ipTy', '7EGwUS3c5dXduO4sMyLWC5', '2FXC3k01G6Gw61bmprjgqS', '4dwdTW1Lfiq0cM8nBAqIIz', '2ysnwxxNtSgbb9t1m2Ur4j', '4NGiEU3Pkd8ASRyQR30jcA', '1Cq0LAHFfvUTBEtMPXUidI', '4phGZZrJZRo4ElhRtViYdl', '39x8gyJjTHiBQklFgVJSV4', '5zeCSgiRyezbfLiGOpKAsR', '6z29S0IoiBJpSMP8plyCj7', '7xTcuBOIAAIGDOSvwYFPzk', '0AvtzKTYleNqdJXoZasQWG', '5lKZWd6HiSCLfnDGrq9RAm', '5KNNVgR6LBIABRIomyCwKJ', '7H55rcKCfwqkyDFH9wpKM6', '6aZyMrc4doVtZyKNilOmwu', '2Sqr0DXoaYABbjBo9HaMkM', '4utLUGcTvOJFr6aqIJtYWV', '7h4j9YTJJuAHzLCc3KCvYu', '37NqXwtb6nIEqRt4EJSoIO', '2NQEwAVHBNcI0tGMLlWwF1', '1bKdOEfMk4ftojJQdyV2Ik', '2zwHaEmXxX6DTv4i8ajNCM', '4SQxI8xg6LcSWL3KuGVHLa', '2oX42qP5ineK3hrhBECLmj', '6C0JkmxU2cgkVzotHJgfW7', '6e9wIFWhBPHLE9bXK8gtBI', '0ZZr6Y49NZWRJc0uCwqpMR', '0hEurMDQu99nJRq8pTxO14', '7hbH1qupmU6HxVBjWJItlq', '5nrKbDQoztn1qIZAwXvGUq', '6JVRYNneRsYNInT4TNr5vU', '3RMHexittaAZkf8zukkZB8', '0FC1LIeQXKib0jOwZqeIwT', '0QrowybipCKUDnq5y10PD2', '6DoH7ywD5BcQvjloe9OcIj', '0EghvcisxKybq4CVO7rB5t', '1NmZWNk3idvlh1wKjZOvnt', '3MCxkaTJmYKH0FZbe3rYxa', '5HMFK1o5Bl9qY10PgavMhT', '7omzannyG2lfDqP5xyZo34', '25mrbNwFzoqPWyYXLhiDRw', '4AapPt7H6bGH4i7chTulpI', '7x5rK9BClDQ8wmCkYAGsQp', '3nlHsNqwCSvT988ZfSW1Yh', '7J2lZBANizgPNfUzux31PV', '3GBPw9NK25X1Wt2OUvOwY3', '2IAZ2xX1Ovh5jxhBWE7wda', '6v4jPZO3UIDNJIgdxRxtr9', '74fkl73HDlCXw0l6cemB89', '65c0gzsw9JsPUxm09QPjQj', '45lorWzrKLxfKlWpV7r9CN', '4qKpLkR911SUlnd4HAtF79', '0CdbG1eHVjqjkQsGoH2u1V', '6igfLpd8s6DBBAuwebRUuo', '3bCmhyXqTr9ZNGlHNYNTFA', '1yLlQimDTRrACa45u50LXW', '0L6Gwm0JDrgIQJfjarWSUR', '5aMmmNxw4vgpc5XC6hK0zp', '7m60UAnbgFFNuJbmS6OxTk', '4W4gYpQ2AQq7US2HZS13Qw']"
9,"['2txHhyCwHjUEpJjWrEyqyX', '0gadJ2b9A4SKsB1RFkBb66', '0MlOPi3zIDMVrfA9R04Fe3', '53XhwfbYqKCa1cC15pYq2q', '0RpddSzUHfncUWNJXKOsjy', '6GpcBKNmZDIrRzYkPJu7Wd', '26GHRG8x1F4AzbCKzUaIbw', '0MmnmsAuQKRFpo6vJElcaU', '3UAk61T8PItbpgEi9u7ofY', '4Ly0KABsxlx4fNj63zJTrF', '4BxCuXFJrSWGi1KHcVqaU4', '6QrQ7OrISRYIfS5mtacaw2', '6AyATGg7mDgBlZ4N5uNog0', '4qWnlmXWuGv2TtuxtIWlJX', '4DX2G1URzfEiRg2wBfv4ub', '3NPpFNZtSTHheNBaWC82rB', '7jLSEPYCYQ5ssWU3BICqrW', '0MeLMJJcouYXCymQSHPn8g', '3w6zswp5THsSKYLICUbDTZ', '77BznF1Dr1k5KyEZ6Nn3jB', '4KJ6jujcNPzOyhdNoiNftp', '1qGohIp3a4kh1Euymx0pyL', '6Xa4nbrSTfbioA4lLShbjh', '1Tdg7NIdyWx9icE2GNZzxk', '716ZwtZBmwROBXcFmCzfdM', '6ZUjdwG0NvY6MT7vvmluhV', '7EQ0qTo7fWT7DPxmxtSYEc', '6DIS6PRrLS3wbnZsf7vYic', '6AGUQK1EWK6nvN4pLIDQDQ', '5gXNY1o9BtajaZfYJVXQrv', '6VxCmtR7S3yz4vnzsJqhSV', '5SHxzwjek1Pipl1Yk11UHv', '4njdEjTnLfcGImKZu1iSrz', '5tFRohaO5yEsuJxmMnlCO9', '4AcHt3JxKy59IX7JNNlZn4', '5ApQnMT6oR8eLguf24xb9S', '7LIy7KinYq7a83dUH6kvxT', '3RbyaF3Pq6iDUKNp04AIcU', '42crL07E4WPfVovyUtMpvC', '42vg2T0Xg9yPaAgogJzoQH', '4j56EQDQu5XnL7R3E9iFJT', '0L8jXe7QeS9oYUoXbANmX4', '6ejhZKxWJr9apHAzj74DHv', '3kVUvbeRdcrqQ3oHk5hPdx', '3YQKmKGau1PzlVlkL1iodx', '7gP3bB2nilZXLfPHJhMdvc', '1dWEYMPtNmvSVaDNLgB6NV', '2q3GG88dVwuQPF4FmySr9I', '1sYbTp9AgWvJb0mJBAB6eP', '4aN7T7NNFFMRJgVbRPne8q', '4fClmcYOLFAp5rrKUqLHAI', '3p5nfUyEYsxx8izMCym07n', '6g878dtAhjegRHVe5X0ALf', '7ymrIsmp4vE7vAtcS12J4D', '721Thvnq29Or9LXUyfF75c', '4hwJwkgsufeilLXS1ZfJqq', '7qTUKYzO77RvL1Kxie0xUO', '7z2avKuuiMAT4XZJFv8Rvh', '47mIJdHORyRerp4os813jD', '707cnVfI3ISM4j5uzfTc7J', '4SGDDnlwi5G42HTGzYl2Fc', '73jlPRxT7z5xk29sMqFDjU', '3C0PKxcP1f25siYFYiyHa1', '2qcGTB5s2t9o2w9SrI719s', '4gOc8TsQed9eqnqJct2c5v', '70TsVY28EcEUYSGG5Yw7mp', '7xX15v6ahAkcT14kHfB9wB', '57nPqD7z62gDdq37US9XJR', '4TqlcgMFDryY96KWcvrhTv', '2WX2uTcsvV5OnS0inACecP', '46CitWgnWrvF9t70C2p1Me', '54T53xiM58rmjU9dbA2Lu8', '07FfkbljNIdl45Ijlh1aXS', '1AgxgADPuRIW1wyaA4OKcB', '5pDjmC5mRl7vDJhsjVwNfk', '3mIj9lX2MWuHmhNCA7LSCW', '2D4FOOOtWycb3Aw9nY5n3c', '0YhUSm86okLWldQVwJkLlP', '6lcBiGiT3dlyDMjBBtfyfS', '0ZxZlO7oWCSYMXhehpyMvE', '6d4jrmreCmsenscuieJERc', '6fC2AcsQtd9h4BWELbbire', '1btWGBz4Uu1HozTwb2Lm8A', '2eam0iDomRHGBypaDQLwWI', '0szWPxzzE8DVEfXFRCLBUb', '7xovAENFxmyEWhzbnHsB3Z', '6VDdCwrBM4qQaGxoAyxyJC', '1UfzhwcOR4yfX7yHTPfC9m', '7gjAu1qr5C2grXeQFFOGeh', '4l1cKWYW591xnwEGxpUg3J', '4gwpcMTbLWtBUlOijbVpuu', '2x7EATekOPhFGRx3syMGEC', '1xU878Z1QtBldR7ru9owdU', '67hb7towEyKvt5Z8Bx306c', '0SwO7SWeDHJijQ3XNS7xEE', '4iiQabGKtS2RtTKpVkrVTw', '6R664N4cEza3eORSqKSgO4', '75dQReiBOHN37fQgWQrIAJ', '3ViZST9PgFoieuOHY2GZMp', '6FIrstf3kHEg3zBOyLpvxD', '5DK8eK7fjvRsziXzyr3sFA', '4MSMDY0ClgWqXApU53I1L1', '1jNnM5dm7dzt16IocWCvJc', '26T3LtbuGT1Fu9m0eRq5X3', '3mVWMgLc7bcyCBtL2ymZwK', '4kI8Ie27vjvonwaB2ePh8T', '4wo1267SJuUfHgasdlfNfc', '4mLJ3XfOM5FPjSAWdQ2Jk7']"
10,"['3tQx1LPXbsYjE9VwN1Peaa', '1ShZZUjkbXCjhwrb18BA8I', '6PFcrRZezCL5p9A0nwb7ki', '5i4BaWy8YIun1u3RXwmlWn', '2o8lOQRjzsSC8UdbNN88HN', '20WmX0l9JgOpehDOAXY6iO', '4BzCdhJTyTS3gumq9xmymb', '6YxrfNCKBcQlbITpmDLErL', '3ApUX1o6oSz321MMECyIYd', '40giwFcTQtv9ezxW8yqxJU', '1S9WGrK7SZfXXQtHBYzDle', '02kJSzxNuaWGqwubyUba0Z', '382aq8Pij5V2nE2JMHMoxl', '0wNuUG1alVKXEEiwEypprs', '3TOKZohBEXnd5RgCXHUsH3', '52lUXCmpmAIVsgNd1uADOy', '6YSjNCQzQQf62xXMW9nAaj', '787bCXOIvGeBw0Bc4kEjhD', '5G9kmDLg3OeUyj8KVBLzbu', '3IstlZaHyUP9SONpulb4SM', '6gWsNpg9lhVbimwQ8bP5K1', '5l5JD2LJPnIoVeco82Tk4q', '00Z3UDoAQwzvGu13HoAM7J', '5vGXVYudNgm9E7jhXMM0Ro', '2OPyK48uFk5aZ8GKWa5FPl', '25hbSOMmbhgqvonjC876UJ', '5Vu87j6vCvfwc7FNVGnBwk', '7CWvyZsjuJlxfM8Le6B9nP', '2OlZK0VIzr7wQYSrj9bOvF', '2wcrc3fjebDRLVdtRUa3pu', '1qHkWv9sHlhqmNdPbMU5tN', '4xRYI6VqpkE3UwrDrAZL8L', '5Z5jUyiNvFaqp0EVyLNf0p', '1LrWZc2qPhRCHyr6XtpBxq', '1tqhsYv8yBBdwANFNzHtcr', '27w1NoOLMX7tJMYqcetPyG', '42UrF25gDVhovYn4Dd422d', '3hEgzEeaZ0hb3UXx1U1JRR', '6WSTevYt4rGwm8QPKQr7dU', '4s0K7Gh1qCZCXB5OuMF1VT', '4oYZcPoj3q3DneXomtQBzg', '43Ni20kavBjsPjfQnJ78On', '5YI7PJwny5JsO7djczHwhP', '2tmWjaROlvLpahIZcvPLwi', '50JJSqHUf2RQ9xsHs0KMHg', '6dC0rIJNLSFZwqckLgXJ8p', '1PDE2MIJ4M6uvFJDrslazf', '6g0Xatzg8vlchoEe21LoeH', '6DvlemMOlMH6VD9tB7BPRf', '3tM6SwRysCaIK0kW4h0mVP']"
24,"['4VhL8KLjVso4vLfOLVViTb', '7gOdHgIoIKoe4i9Tta6qdD', '2ddxtfC0oS8LoktXUHE7YL', '3SYGWAHCe31oykdeUPpoJp', '6G9bygHlCyPgNGxK2l3YdE', '7rPQ2z1ji1ctJ6oGYBAo6M', '6S0dmVVn4udvppDhZIWxCr', '5tKXB9uuebKE34yowVaU3C', '4pADjHPWyrlAF0FA7joK2H', '1ZKqrja0WvbSssYNFO3lzs', '6MF9fzBmfXghAz953czmBC', '698hF4vcwHwPy8ltmXermq', '2KsP6tYLJlTBvSUxnwlVWa', '07YZf4WDAMNwqr4jfgOZ8y', '6dse9FDodKw65ZQoLjE5F1', '7nU4hB040gTmHm45YYMvqc', '533HtQP5btWIZcKlHJtEWK', '4ntkql3f3ect7NDRUJ7aAY', '2Hjj68yyUPiC0HKEOigcEp', '2gUMs9PE8XZVQyzCDqaYmW', '01QTIT5P1pFP3QnnFSdsJf', '4m4SfDVbF5wxrwEjDKgi4k', '5pKCCKE2ajJHZ9KAiaK11H', '3r17AfJCCUqC9Lf0OAc73G', '40xbWSB4JPdOkRyuTDy1oP', '4yiQZ8tQPux8cPriYMWUFP', '1vkJFCwstOoJO7yQ4lTtLK', '6wPhSqRtPu1UhRCDX5yaDJ', '7o95ZoZt5ZYn31e9z1Hc0a', '085pc2PYOi8bGKj0PNjekA', '26dSoYclwsYLMAKD3tpOr4', '4hqDqHtBlgxXpLXVYf7c8L', '2AQjGvtT0pFYfxR3neFcvz', '4vRSocKbGh7PsQrYRDVMEF', '2S9W9aSAd7e5mp8WqWxN2h', '0cQbJU1aAzvbEmTuljWLlF', '1l7ZsJRRS8wlW3WfJfPfNS', '31TPClRtHm23RisEBtV3X7', '2jw70GZXlAI8QzWeY2bgRc', '1yxSLGMDHlW21z4YXirZDS', '5xuNBZoM7z1Vv8IQ6uM0p6', '0p4nmQO2msCgU4IF37Wi3j', '6tbjWDEIzxoDsBA1FuhfPW', '1KCSPY1glIKqW2TotWuXOR', '3BmGtnKgCSGYIUhmivXKWX', '5ndkK3dpZLKtBklKjxNQwT', '4IJczjB0fJ04gs4uvP0Fli', '4M6Z1wubeKtwPqbjJygTOc', '6prmLEyn4LfHlD9NnXWlf7', '1dIdBZaaHRW2bDTkHNfWln', '4xFUf1FHVy696Q1JQZMTRj', '5wugb0kaq0J6nyQ5Xgd17i', '7fObcBw9VM3x7ntWKCYl0z', '0Jzbm3ifxDNLxxS8M4BS51', '1ZjTtkG8iHppYgibGNc4rw', '1aVH8BgQhW8TT5hgNGwLc7', '5PVSEFUT4Inqu3yEq56Ku9', '2EvbFiMccizWo76HwbEaJX', '0jnsk9HBra6NMjO2oANoPY', '6c4sUNBgdonFJz8Kx2VsGz', '37GUqxafAvAKGMZbXCUnmr', '0TnOYISbd1XYRBk9myaseg', '3sgFRtyBnxXD5ESfmbK4dl', '5Y5TRrQiqgUO4S36tzjIRZ', '3RYC1U7EqTX1ykWAY28QXn', '0AuZVHIr5WSEBbBLZwWwWc', '0Tob4H0FLtEONHU1MjpUEp', '0Chxmm4XMM87mJOHvyiUzL', '7C64wNX3howEFZjAYRKsfP', '1EVWYRr2obCRDoSoD6KSuM', '7Ip2u3e5Nv6fFb5xyIHxEE', '2ftL3sXW7KDOBfVda7IXyA', '4D4d4SGHSnXy5TxqhfDl3H', '1ryIDQiTzFFxHmmjijqghs', '5GuEFqVXxQsqJtjGqoFWvf', '5YGY8feqx7naU7z4HrwZM6', '1JfkqBTXs6VC3JZ7RJNu7h', '6kUQJlewgd3UFKVYrrmILh', '0FWzNDaEu9jdgcYTbcOa4F', '6LqNN22kT3074XbTVUrhzX', '3Isy6kedDrgPYoTS1dazA9', '1pmixngtBJleMrGUG5o8DE', '4L3GTE04bW5N7azA9QPhjA', '6NOvBZrkd83MSD51xkq4on', '2JX4h8xm0hNxCB0aNBWzyi', '0wEvWMQRqaXcgnrZv6KtyL', '5EvFsr3kj42KNv97ZEnqij', '4RfTXjK9aiiIKDaKUHpL57', '3kc5AFnL1TQQdNaMdSW2UO', '3nwYsifpwrKmCIpw4i0HDW', '0eezS9KmhdjGN436RdTIXu', '5QjWgYDeKNP2iPHTdTttnG', '2tFN9ubMXEhdAQvdQxcsma', '60vX3zLcdKRXvKLITVh5Df', '2C9n4tQgNLhHPhSCmdsQnk', '4OfvUFjzAjXY8XSWd8MBTE', '6wdvERzX4CUCOXu6hSS95x', '4IFgewC2urR62Fwt7uAU03', '4M0DLz8te9Q1lNIXBBwvfG', '5i84V8Zk7YqCN6xxb7SWgw', '6rHWAH6F4mr2AViSxMV673', '0mzTssRDPIQVH5wSNzOdFZ']"
13,"['7DMveApC7UnC2NPfPvlHSU', '02A3cEvlLLCbIMVDrK2GHV', '6lB8vOoI4DRrrVxXwuV19c', '4ehtJnVumNf6xzSCDk8aLB', '5iNrZmtVMtYev5M9yoWpEq', '1IueXOQyABrMOprrzwQJWN', '6t1gpxYbY8OlLA7D2RiikQ', '2ZRQcIgzPCVaT9XKhXZIzh', '4YXycRbyyAE0wozTk7QMEq', '1HBjj22wzbscIZ9sEb5dyf', '5aSBbBUbArJfyNKDg4KS1I', '1Cs0zKBU1kc0i8ypK3B9ai', '7CajNmpbOovFoOoasH2HaY', '69GGBxA162lTqCwzJG5jLp', '23fqKkggKUBHNkbKtXEls4', '7f5Zgnp2spUuuzKplmRkt7', '4Q6nIcaBED8qUel8bBx6Cr', '4sTQVOfp9vEMCemLw50sbu', '2XnBwblw31dfGnspMIwgWz', '20gsENnposVs2I4rQ5kvrf', '3hyEbRtp617pNCuuQjyOmc', '64KEffDW9EtZ1y2vBYgq8T', '4bL2B6hmLlMWnUEZnorEtG', '5KKpBU5eC2tJDzf0wmlRp2', '4EPJlUEBy49EX1wuFOvtjK', '0DdDnziut7wOo6cAYWVZC5', '7keGfmQR4X5w0two1xKZ7d', '1L9i6qZYIGQedgM9QLSyzb', '3t5xRXzsuZmMDkQzgOX35S', '721T2PETMLaAkijbYu05VD', '2xW3pBjCngD69hC1wIUgjA', '0xZvYTiM5QT94j1abOm0nC', '3GtCKJA4SkOxN65MWjm82R', '2Tg0aF5cbZktYFzgR1iAKv', '0pt7PX4Hftlg8mV1ySU84Q', '1NyxTiCivDmzgFWYD1V01m', '7hOGhpa8RMSuDOWntGIAJt', '1Eie0tY91rpi7Y0jtIOXzI', '2KPQ6PYAZapLEwMmkzbQxC', '7xEFii6utZmQ61kX59HmLH', '3v9wPA58IVrX2dg6AjSPgi', '5CiGnKThu5ctn9pBxv7DGa', '4LZ4De2MoO3lP6QaNCfvcu', '0P2bZXPyjHYRW4guHVAFl1', '7d5SfGXKpgS3JK8BFIq59h', '1ikID9RZZMvkuBGDWrqajq', '5H6xmHXjsq98NLbEjuE29f', '0xu4jAQQv7ZAqvFGdc9HgP', '5jAMCwdNHWr7JThxtMuEyy', '1UUvXNGYI5Rib9vh2516FT', '4AKwRarlmsUlLjIwt38NLw', '347ZYa3M1wIhZ3j8Awnd19', '12rBrcOPP50qIan8ew4iTP', '7vk5e3vY1uw9plTHJAMwjN', '0XNvr6bnNywV946ZKaJtr0', '4cSYNpczcvTUpnPMFDLsIc', '22lnnGKlaDxk8sfzCNRJuA', '5s21IKPvmxRf9WxpO8H5UB', '2Wzb0u138rgoZQTK3ytknT', '5VXPJC0PNpJbzB10A39G8E', '7qgorhDacy1FRz5HkAhDtu']"
14,"['7dGJo4pcD2V6oG8kP0tJRR', '5Qi4Bb7a8C0a00NZcA77L0', '2TSvMFHlguDI495vujOAys', '2XnnxQzxFZG8qEPjakokPM', '7tT5h21rKj9yFfQuqBYLqT', '6evKD5JWJON3qPBJtUEmtY', '77IURH5NC56Jn09QHi76is', '6Oesi698iJRUaBeT82zckf', '6vdMPayKk8YJxxeNP5oMCb', '4pmNqFu71wEmFXSsYAiWK8', '0NbfKEOTQCcwd6o7wSDOHI', '5rVbcJv0JRfhWLA3mgM73r', '6DVipHzYsPlIoA0DW8Gmns', '7EWU4FhUJM1sZQgQKdENeT', '68DWke2VjdDmA75aJX5C57', '3vDUJHQtqT3jFRZ2ECXDTi', '4pr7J7wzgObkE3DD3Izi7q', '5pnbUBPifNnlusY8kTBivi', '3ScY9CQxNLQei8Umvpx5g6', '50UMTib697JJ44le8DO2Va', '1HwM5zlC5qNWhJtM00yXzG', '2Xu7q46Hf02xOoEIm4E1Qs', '1YfEcTuGvBQ8xSD1f53UnK', '4tujQJicOnuZRLiBFdp3Ou', '0tCtGc5vt29zFZp6KXzN50', '0A7g2YbCA9FlyZvAG6VmKP', '6DPYiyq5kWVQS4RGwxzPC7', '3zNM2tRfTX6LI1lN2PlrTt', '2B4ZHz4QDWJTXPFPgO5peE', '7B4hKK0S9QYnaoqa9OuwgX', '4EnEZVjo3w1cwcQYePccay', '1Oa0bMld0A3u5OTYfMzp5h', '7hJcb9fa4alzcOq3EaNPoG', '3q7HBObVc0L8jNeTe5Gofh', '1J2VVASYAamtQ3Bt8wGgA6', '2IvPBSC4CgNLYC1GHEAxcN', '3SEJQy90Vgg1aSnZ9b4AU9', '6UBA15slIuadJ8h2lPRPos', '78nL8LitGR7vO0qp2iZF9E', '1PnsxAfjwnxNODAaKTu8VO', '4NSyPddPUVUfPVMiBn9UAg', '4UOlRVifrFdQHW9qu5ep8t', '0jx4hPtb5enLdBDdHKuSgf', '0AoX5cRnGojriIX6lxmP0D', '2aMAN8kMJ7eUOAuPUYOwI7', '3USpNaxpX1iNqNnQWqg9ob', '6NyJIFHAePjHR1pFxwisqz', '51FyBBOW464toW099BsW8z', '0b2XeWDPeBiLeskT6RFqMb', '76fO70b6BK2xt3UVOe4BIZ']"
15,"['3Nrfpe0tUJi4K4DXYWgMUX', '0b1sIQumIAsNbqAoIClSpy', '3JsHnjpbhX4SnySpvpa9DK', '2auC28zjQyVTsiZKNgPRGs', '1kfWoWgCugPkyxQP8lkRlY', '2FLqlgckDKdmpBrvLAT5BM', '6y9nlaoynxSvoTGY09Vdcy', '1wKpMkucynaTfG8lyPprYV', '13rF01aOogvnkuQXOlgTW8', '7bmYpVgQub656uNTu6qGNQ', '4TnGh5PKbSjpYqpIdlW5nz', '5na1LmEmK2VzNLje9snJYW', '1mORehSVEd7lcaT2d7Sl2K', '5vV3bFXnN6D6N3Nj4xRvaV', '51sg5jUqKu2tkbmPlwPrNH', '6HaGTQPmzraVmaVxvz6EUc', '3E0zmIZJN85yOovfGHoH8k', '25KT93FeotUTHC1dbLasxi', '3ytV7vc4ZuwGgwaOuWvkk8', '7f4ignuCJhLXfZ9giKT7rH', '1gBUSTR3TyDdTVFIaQnc02', '48eO052eSDcn8aTxiv6QaG', '7nqOGRxlXj7N2JYbgNEjYH', '3paGCCtX1Xr4Gx53mSeZuQ', '0CmvFWTX9zmMNCUi6fHtAx', '5TnQc2N1iKlFjYD7CPGvFc', '6nfDaffa50mKtEOwR8g4df', '2dIgFjalVxs4ThymZ67YCE', '2YXlVLKq3X3soXd2aXUtIT', '2ZmXexIJAD7PgABrj0qQRb', '7LOmc7gyMVMOWF8qwEdn2X', '1sjw4xq2pAWy5Vdgba5QAt', '0ziR2zN0NFcB4x1G3P8cW3', '5zShiwTHlygdfsXj6eavTu', '1pXX6uuufA0Zrk4Ksuh4nv', '0yvw5zYym2ZnM2vngHvfWW', '5DuzBeOgFwViFcv00Q5PFb', '0eEhOgZ2x6kv8kLz77WO7b']"
16,"['1vyhD5VmyZ7KMfW5gqLgo5', '3PAwspMN27PDm81WwXDsMf', '4uRH0vTYaGWjG1MK8K8RPE', '0nqpXa8bkBlWgS9FKhNCuj', '2xmhyxkjpGNBeWXVMeVWHb', '6tYuW96NhiYI3sAxEDsqK4', '1ykothWH0xl8drRyJWuw7I', '3jGlU8UMMo44I2xeLQ6FD3', '2DP9xStkVVv753RBiEHXQB', '3ptY5WTxu77JpAQQnHyxEl', '4mZ4qW2RrJS1nmHvltMvJ2', '4RXxwBtdt6k1YNyyAyiOng', '1r4hJ1h58CWwUQe3MxPuau', '2OnKRchqP7tT0FzTvWIFI7', '5DUlefCLzVRzNWaNURTFpK', '329e4yvIujISKGKz1BZZbO', '3EiLUeyEcA6fbRPSHkG5kb', '6XFITTl7cFTdopDY3lUdlY', '3E6xrwgnVfYCrCs0ePERDz', '00me4Ke1LsvMxt5kydlMyU', '2OHKEe204spO7G7NcbeO2o', '21451j1KhjAiaYKflxBjr1', '4IMAo2UQchVFyPH24PAjUs', '3YXpTiyVmYCfANOlnWv6vr', '3LKXWvXFWrkwUzJWxzwVpW', '4SsVbpTthjScTS7U2hmr1X', '1pgDilWYDWLoOgGjf1iHNu', '7tU1VKOuxiNZwBZC6RHidA', '2ydZrTy8U3kOMOzx20s3dg', '5pZE9tgrhmIGWAsJZ7YxNK', '1SupJlEpv7RS2tPNRaHViT', '5hhclzZsaNfmBh0eQI44JQ', '3mqvfyOtukTRmUkZHuP1ed', '7zLcnirfgw1VEHHshuGcDR', '5mgqYTU6dhKlEdi7DOy4uU', '3Okcq0dqLVlEFHRZ5t22bA', '3IEvQoAohcGX7CdrbtIle7', '6ZK8loFAzWKSFe3b7Lrq4V', '5aB4SpKYteOJ8pAleoKkg7', '2RbTV4rZYfdNkxFE9SSdG3', '4VMYDCV2IEDYJArk749S6m', '4myAXQmMuS1lZe8T6Y7eBg', '26YAHs5On4KQDNsU2cYFdL', '1K0lOPFlbPF3Volp5qIYNw', '6p2442ymrT9lZEuCZJdYcH', '0adUZVrjlyffZEwp9bCj4V', '3SUT1jjM5hzZj9TLfLZGIP', '76whng5pl9msPkkjFUtWYn', '0rwGi85qFYUZjTt0wrvokT', '39YL6FS5gUvd8DCTV9FfSP', '5ClJtuiNlr83ua45Dvpcf7', '0BkX3f2WgeqNgvulzPLc7R', '7Cqqd8uYKo6L22O2W344CP', '2wJhXMulep4to8JaxUYjeY', '1ackd5XprZEkH3McKbQD51', '30HlKUFTsqlFQsPfyv2yuM', '6EiZOxfG8B5evnLH4KnJeF', '5NS0854TqZQVoRmJKSWtFZ']"
20,"['5mlbvTfWUOfDrUIK6dkNzv', '0wnYgCeP013HkKoOyC5V32', '6CwfuxIqcltXDGjfZsMd9A', '0e86yPdC41PGRkLp2Q1Bph', '0HthCchcL0kVLHTr113Vk1', '3uwAm6vQy7kWPS2bciKWx9', '0ZUvK7zGdXLd78mQr3t1Tw', '35l9BRT7MXmM8bv2WDQiyB', '0qZyvjwZauLmrobrpJmvib', '1vkWdqcabQ1swciXipkLBj', '21TinSsF5ytwsfdyz5VSVS', '3P4vW5tzQvmuoNaFQqzy9q', '2vnB6tuQMaQpORiRdvXF9H', '6rniTPs9zN26kYnkPdFl1U', '3l0CmX0FuQjFxr8SK7Vqag', '7gRhy3MIPHQo5CXYfWaw9I', '7pyhre5oEEFMqcgMEvJY7q', '25uiPmTg16RbhZWAqwLBy5', '6oBm8HB0yfrIc9IHbxs6in', '0bdfiayQAKewqEvaU6rXCv', '5r5Va4lVQ1zjEfbJSrmCsS', '6OqhFYFJDnBBHas02HopPT', '5a2w2tgpLwv26BYJf2qYwu', '1PNvaesh1mkKZucGhBuqgD', '3sXErEOw7EmO6Sj7EgjHdU', '335TWGWGFan4vaacJzSiU8', '5T68nryXXOMNE2kVe61fKX', '2KEqzdPS7M5YwGmiuPTdr5', '0aoBUiGI5wrK7DOWJAzAKe', '1KNXft7nnRQj82sENi7WGN', '3u6lPufHw4Oww6D88rv6sB', '6TMGw1UYn6DFEtn2f9mv8J', '6MoQZOH2KnQrJhVtO9VoXC', '0QJIPDAEDILuo8AIq3pMuU', '1kMPdZQVdUhMDKDWOJM5iK', '4SQdUpG4f7UbkJG3cJ2Iyj', '7lsnwlX6puQ7lcpSEpJbZE', '0DtXHIvJ8NWBg5pGvsgWnR', '1AHswQqsDNmu1xaE8KpBne', '1moxjboGR7GNWYIMWsRjgG', '1r1uxoy19fzMxunt3ONAkG', '3NBmfDV6Yh3hjuQUBVvYgO', '12zbUHbPHL5DGuJtiUfsip', '6xdRb2GypJ7DqnWAI2mHGn', '07D1Bjaof0NFlU32KXiqUP', '3IunaFjvNKj98JW89JYv9u', '1Uk1GyijF6fSfX4mWq5bfR', '6zcDLZ62JsbVM1nLrQMzi4', '4wXchxfTTggLtzkoUhO86Q', '4nxKz1dRYXnsGzN1lUURtG', '4aKWmkWAKviFlyvHYPTNQY', '7bcbShaqKdcyjnmv4Ix8j6', '13saZpZnCDWOI9D4IJhp1f', '3Bd1cgCjtCI32PYvDC3ynO', '5vBKu1igxFo6g1sHADkIdg', '3iOvXCl6edW5Um0fXEBRXy', '00FQb4jTyendYWaN8pK0wa', '6UE7nl9mha6s8z0wFQFIZ2', '6UOcY6w4K6Ek5Lw5rFDHdP', '6Jrxnp0JgqmeUX1veU591p', '4hiLNlqr4vQdiuo1aQKSXS', '5QuBVnBPEzwYvFrgBbwpmU', '3Oim8XBPbznAa8Jj8QzNc8', '5YkBrE0wF8cAlq3GCOw5Eu', '1l9d7B8W0IHy3LqWsxP2SH', '56ZTgzPBDge0OvCGgMO3OY', '1ybAN3utgdoUL1MUCtH4QM', '053q0ukIDRgzwTr4vNSwab', '59pWgeY26Q6yJy37QvJflh', '0Y6dVaC9DZtPNH4591M42W', '16lg8y62dC3J6ok1pNAbFJ', '1bwUhKRmEkOZ1wuTnV9XjC', '6NrkINd80slV25wkBu9mEB', '3Sz7ZnJQBIHsXLUSo0OQtM', '0pg0Zm8FsGAYy5kdHuBnSo', '6lcwlkAjBPSKnFBZjjZFJs', '0m5FakHKCQdA7UN0PIzMcL', '3XxNRirzbjfLdDli06zMaB', '2cAvReLDmjFQtCJFDJbHBU', '6mOWFF6HJ6krnIpW0CHLQm', '1AbJ2cmwK400LSvdvBL5Jc', '77mJc3M7ZT5oOVM7gNdXim', '1TtJ8j22Roc24e2Jx3OcU4', '2ueoLVCXQ948OfhVvAy3Nn', '7K3zpFXBvPcvzhj7zlGJdO', '7hAolICGSgXJuM6DUpK5rp', '6nB0iY1cjSY1KyhYyuIIKH', '5GGJosGMs08YEmKTZJe1fL', '5szilpXHcwOqnyKLqGco5j', '3ir2pF2mkiEWqyPenKTh5e', '4aEuFytRb43SAgjchJDk5e', '12j6dJrPXanCBwY599pZxf', '34A8vV1MCxGpA14KspqQuC', '37w38cCSGgKLdayTRjna4W', '2uYWxilOVlUdk4oV9DvwqK', '4QkSD9TRUnMtI8Fq1jXJJe', '7MoIc5s9KXolCBH1fy9kkw', '73MDShZzdL4vUGMkmXOG6X', '5PbpKlxQE0Ktl5lcNABoFf', '1qpR5mURxk3d8f6mww6uKT', '4YrURxtCHtPBfNDmMNp7IG', '1xcMOgFUM1IYZE22YjCvsL', '0MfC3pip8rY8OFLJVVNvBO', '77SW9BnxLY8rJ0RciFqkHh', '7cYEt1pqMgXJdq00hAwVpT', '7I3bkknknQkIiatWiupQgD', '25jJ6vyXwTRa0e6XCcdR6U', '53k2km8u55n9YaJJB7scjX', '4QM5QCHicznALtX885CnZC', '1oPRcJUkloHaRLYx0olBLJ', '4Uc8Dsxct0oMqx0P6i60ea', '37M5pPGs6V1fchFJSgCguX', '6c0mTNAxJxlp9HpKTUZwA8', '134GdR5tUtxJrf8cpsfpyY', '7qRll6DYV06u2VuRPAVqug', '5QatamYwvUTOmMHW6WA0AG']"
23,"['1g1yxsNVPhMUl9GrMjEb2o', '0Raaw7kr1Vzat4ZvHzjsJR', '20JZFwl6HVl6yg8a4H3ZqK', '7sOR7gk6XUlGnxj3p9F54k', '2BL3PP6aTKJ1jqbRgfQa71', '4OTFxPi5CtWyj1NThDe6z5', '0hAd6zwEgt9ILuMDY1prcI', '29TCgxO6qzQx4O3pjUIMzn', '75CziSb5bEWIj1m8TdMwYy', '5DD5GZd4ElmQTy9NleMvKJ', '4YZ5ECfbM2xSTSQTJGBbO5', '5rebfYbZVIhbRVcRKWVOAh', '4UXqAaa6dQYAk18Lv7PEgX', '7FBcuc1gsnv6Y1nwFtNRCb', '46gyXjRIvN1NL1eCB8GBxo', '74XFHRwlV6OrjEM0A2NCMF', '3vAaWhdBR38Q02ohXqaNHT', '3WfJ1OtrWI7RViX9DMyEGy', '3ao3jf5d70Tf4fPh2bnXVl', '09J4zbHHwNNlN2tfgJIg21', '3PgEvPJKRuil74QPX8wtXY', '48PAAxWdIDbA4WHkHjgsEv', '458aS6ALc3QkzwfR5USt34', '7oHJbmt1VAj16Tm6nJpSqr', '73rPcaYEhBd0UuVZBqqyQJ', '1FgsVeOhRYuSw2ghkIXV0A', '0m34JtkojthW5WYugFm0e3', '3zxKH0qp3nBCuPZCZT5Vaf', '5aYyPjAsLj7UzANzdupwnS', '0vWCyXMrrvMlCcepuOJaGI', '55VydwMyCuGcavwPuhutPL', '4frytKnOBrer4QVPWynGtX', '1IpSmgcN9F3KNa7j9JtAE4', '4o0pNHbyj36LPvukNqEug0', '7AsPubxWM5tfW4hTZEL3aP', '6wQMF27xWhSyJFnO9L5mQk', '0abIHznUj0oKhDB29cpBZ9', '6Rx1JKzBrSzoKQtmbVmBnM', '5pjCYG6hPLBO3y4swxu3dh', '6oFs3qk4VepIVFdoD4jmsy', '04RtvnUz0XrUbUZzOA8ZoW', '0pwyD6DhbFWn8uVSz2Fr0w', '7MRDkEKtdsGcYn11A4qgUL', '3kYFawNQVZ00FQbgs4rVBe', '1NU9Em6e8dDo36Js6nEo3t', '2C2sVVXanbOpymYBMpsi89', '1BSXtdFlVDUOS6g1T3tmME', '2p4FqHnazRucYQHyDCdBrJ', '01lz5VBfkMFDteSA9pKJuP', '0DK7FqcaL3ks9TfFn9y1sD', '4XlcLj6bxCnpBIOHmBpIWP', '1SImpQO0GbjRgvlwCcCtFo', '3LC8PXXgk7YtAIobtjSdNi', '1ToMIJExb7R5Klsff81NsK', '7xklw3WodFZiNNmQt3DIgp', '5ND0mGcL9SKSjWIjPd0xIb', '7fTcs8dn9y6XuB2IqZMzBq', '7gkRNHOOt7QfhhXf0rEnmj', '6SiyKSeJo6gcsS2NvuAbsl', '6we2CCxymhh4v30lZRhhpa']"
25,"['3uo0ix4Y67XHVWBhXXIY1S', '5uLkZ7FWMTBUg1corQqdkR', '2kCcBybjl3SAtIcwdWpUe3', '2Wpsydr0xZekaBFNQ0OSKd', '68VUmnZEzmzZdd1zPtnbZZ', '3hocSCbr0ocaG0bejDPamC', '6QHYF8nHzzx2ENwolOLOdw', '3PXR1cXkJk5aOekoGOtWFA', '0WvTK38rXqPCD5pZMDuX20', '4NYeChhB65zL0ywl4rHmSk', '2BUUAEl4BwFRA9NBDgMWSf', '6bnlvICBjK7fuNSB1ohqS5', '0zPILh9oEH0fDagpkHTQQ8', '3lVqIkYlSwyv22KJKHvW8t', '70AkqfU43ou9hFxJZTDt7A', '6Cr6Q95UA7G8C6t1e7d2kE', '7Ai8EYRmzf3N9dhbPvOmQh', '1JG8nsd3YNDOMUAv7EHXvK', '5dfFr2qhmXQLvHZqg0dynx', '760kxYHN5QTrD1DehiimjB', '0uya6QELbHSc91t24xHUr1', '6eGuRZs8HIfjgRPPkkD0Af', '6TeJpqb3PcvfHxjKAEKCNu', '3EXdLajEO02ziZ90P90bSW', '686zrKch7tQIpoOpdSIpTo', '2RJWS2Lmkw2uExDmFMe1Ry', '62TFj06qes00QmQuKmK7c2', '3FCYSWNVmpjTCiwzJwbMAC', '6XFt0iOyYmGY19gn8upF5t', '7EIOmfcBRSR63ZaUptkD09', '7FngGIEGgN3Iwauw1MvO4P', '0ntNwPE7MYnKrTh59tU2BA', '0qrKkQFiL3vftNOhGuIJEX', '3sWtaNsmsCx0TFaQkP8QAm', '3ddT1Q3KQAm1G7UcIfz5KJ', '1MQM8vc3NvLx1lWofNMxED', '4nXOZlYoAD67hF9aUEncMY', '0r25HIHVcGcaEuJ8s5AK00', '6zqcGQ6MH6yetBUoquMnL7']"
17,"['33r8rPgsHXfVN1r3adlrWw', '4sADZZMvbgQIsCCkmqUYF8', '5yXMtEjaBVEtGSyICT1w2b', '2zhgWhhKeDGw6gGd16y7tc', '0inkJpjAKDnQOv2VHBCU0Z', '5fSVkkuijRIpxuvSqysYiP', '2FcgwIGEPmPyItFPscscDO', '1pTsdH9YGY5SYSDjPkMca3', '1Pq3b64hsWb48FjFPfV5aq', '0E1HulHZpqPQBOA8isuQ7a', '3O7oOXK7KPniAPEUorctsi']"
19,"['2NdeV5rLm47xAvogXrYhJX', '6vWDO969PvNqNYHIOW5v0m', '4fpTMHe34LC5t3h5ztK8qu', '3DiDSECUqqY1AuBP8qtaIa', '2auiVi8sUZo17dLy1HwrTU', '1Y8cdNmUJH7yBTd9yOvr5i', '3AuMNF8rQAKOzjYppFNAoB', '35GL8Cu2GKTcHzKGi75xl5', '05oH07COxkXKIMt6mIPRee', '4eAOcbAXIF4BmbN6E1QIlw', '08rMCq2ek1YjdDBsCPVH2s', '63wjoROpeh5f11Qm93UiJ1', '0urTpYCsixqZwgNTkPJOJ4', '0TImkz4nPqjegtVSMZnMRq', '6lHL3ubAMgSasKjNqKb8HF', '6nzxy2wXs6tLgzEtqOkEi2', '1vfezMIyCr4XUdYRaKIKi3', '4M1FpEWs2PeYfJe7xxJfhH', '2NcbLU1bW55eahD0UgD7U3', '2PZEd7yktruWruOqORRChA', '5Pc9LaRjxv3A8VTM1GsnQO', '56ktBbLLVKasUyp7bJ2tyk', '3d2pb1dHTm8b61zAGVUVvO', '6rqU9HQ57NYGBnBzbrY3a4', '4gIdjgLlvgEOz7MexDZzpM', '2RpHsROrX075xfIwHn6B2U', '3nFkdlSjzX9mRTtwJOzDYB', '1MT1Wz4G9Z9EVOg4L5zZMS', '5tth2a3v0sWwV1C7bApBdX', '6JkwVYzCLtt9ZwNNk6g7Th', '7gSjFKpVmDgC2MMsnN8CYq', '4ULO7IGI3M2bo0Ap7B9h8a', '7xAcVHPiirnUqfdqo0USb1', '5NDMothbpdpq2xHqSjrrWn', '3X458ddYA2YcVWuVIGGOYe', '0le01dl1WllSHhjEXRl4in', '6vfR5QRc3xca0KvpG8KZBE', '6zDBeei6hHRiZdAJ6zoTCo', '0IF46mUS8NXjgHabxk2MCM', '6AVLthptCPhfrxlHadOBJD', '7IfculRW2WXyzNQ8djX8WX', '3FD9VAd0ppjmKbfxF4LzUh', '27FGXRNruFoOdf1vP8dqcH', '1c70yCa8sRgIiQxl3HOEFo', '4O2YL4ygn6eTBC0w1hyWUM', '601893mmW5hl1FBOykWZHG', '3YJMzGjAm245zwJooY7PEj', '49FeZO3eSrJs7oH7lYLU1r', '3fMbdgg4jU18AjLCKBhRSm', '2yrbLiuBmc9j81lTX3XUuI', '64CuUOOirKmdAYLQSfaOyr', '1VDurPMbOKrNU8mcMP4X1P', '1OxJzMLmR9l5zPLap9OxuO', '5fbhwqYYh4YwUoEs582mq5', '6h3rSZ8VLK7a5vXjEmhfuD', '3LfO03nEZMdWNHG2tLpMa0', '1zgNpeHQe8GulzfVkYP2VK', '438JBZR1AR0l04AzcYW9gy', '6D7h7R79IZjqJC2GM2wzyY', '6gkWznnJkdkwRPVcmnrays', '4qwGe91Bz9K2T8jXTZ815W', '5fikk4h5qbEebqK2Fc6e48', '4PpmBoqphQusNFsxuVKb6j', '2NmK5FyrQ18HOPXq1UBzqa', '5lpH0xAS4fVfLkACg9DAuM', '6kz53iCdBSqhQCZ21CoLcc', '2urZrEdsq72kx0UzfYN8Yv', '6zpPKMhpOoG646kJgZ7RKf', '7kCL98rPFsNKjAHDmWrMac', '0s0rOb0gT2S9N0SDcjtPC4', '7bKupnlF7XOfR1En3K8oAL', '0L9xkvBPcEp1nrhDrodxc5', '2u0gw0uCWBMiqV7h0N8kai', '0gxyHStUsqpMadRV0Di1Qt', '2kreKea2n96dXjcyAU9j5N', '3oZa8Xs6IjlIUGLAhVyK4G', '5IDs1CK15HegSAhGEbSYXo', '5dcOK4stT4JDkP6Dqhbz5s', '19xz1vcuKNjniGEftTOSSH', '2eogQKWWoohI3BSnoG7E2U', '32lVGr0fSRGT6okLKHiP68', '1HvcqyRLS9nF8hAbTWOqpr', '3VNITwohbvU5Wuy5PC6dsI', '4TwHRCIu3Xg9fjS3l7owkp', '6twIAGnYuIT1pncMAsXnEm', '0Xf8oDAJYd2D0k3NLI19OV', '6m30rs1IQqnWqV5nKMpU7U', '3tx8fyu3c4OBP5nejYtUOb', '0FrpdcVlJQqibaz5HfBUrL', '545idYhdloaSlLGBY8E9u2', '5a2EaR3hamoenG9rDuVn8j', '1EgGVV9cmmlLEsFlunjmvv', '6mQfAAqZGBzIfrmlZCeaYT', '5m8H6zSadhu1j9Yi04VLqD', '5SMVzTJyKFJ7TUb46DglcH', '6is2U7I1jlI8PjxNZOHIMV', '53QzNeFpzAaXYnrDBbDrIp', '61UT1Zj9dFgPAjZfwnsqsb', '19ra5tSw0tWufvUp8GotLo', '1fa0cOhromAZdq2xRA4vv8', '2jS7I1u7BpgWT9ssG62Zr1', '1zuJe6b1roixEKMOtyrEak', '3lcbKPLl0ci2mKRdcP5Etf', '5GtMEZEeFFsuHY8ad4kOxv', '5MspMQqdVbdwP6ax3GXqum', '62sPt3fswraiEPnKQpAbdE', '2zFZiWQJFFshzojycnXoTL', '296LotOmbj7eOX7r9l46fK', '72y3ZI95ctkQC2O4mjBaU3', '1mFX1QlezK1lNPKQJkhwWb', '1eNkUXHPaXyuyC8NAgzykK', '2IBPIcSkvQZyoaVfoyZKE8', '1fvz0vd4P0LNMkAysF1ivk', '1QtIfAa6y7w2JhxYJhYeUG', '0EVUivUkugMtNF09L4QBMH', '5r7mGejWrGSxheAYEIfSwI', '7guDJrEfX3qb6FEbdPA5qi', '3koiLjNrgRTNbOwViDipeA', '3RwQ26hR2tJtA8F9p2n7jG', '1ThoqLcyIYvZn7iWbj8fsj', '6TKOZZDd5uV5KnyC5G4MUt', '7fIvjotigTGWqjIz6EP1i4', '2AV6XDIs32ofIJhkkDevjm']"
22,"['6cEuCEZu7PAE9ZSzLLc2oQ', '5ChF3i92IPZHduM7jN3dpg', '5X4LWwbUFNzPkEas04uU82', '53cQZtWDwDJwVCNZlfJ6Qk', '1V3VTM7VspiQjcmRhC010n', '53YSn9tHwGJ6bq5P0gGoYo', '6xQvQwZQQuq9R3TdPNbcR8', '3XINWZaloea97SIRiyTJxX', '4D75GcNG95ebPtNvoNVXhz', '2wX6xSig4Rig5kZU6ePlWe', '4j5KBTO4tk7up54ZirNGvK', '1vCWHaC5f2uS3yhpwWbIA6', '4AVFqumd2ogHFlRbKIjp1t', '2qxJFvFYMEDqd7ui6kSAcq', '60d24wfXkVzDSfLS6hyCjZ', '6BrvowZBreEkXzJQMpL174', '5fahUm8t5c0GIdeTq0ZaG8', '2o5jDhtHVPhrJdv3cEQ99Z', '73jBynjsVtofjRpdpRAJGk', '5wwneIFdawNgQ7GvKK29Z3', '4mHAu7NX2UNsnGXjviBD9e', '6hyMWrxGBsOx6sWcVj1DqP', '0XqFDQJjqW5PfhfBCb53LR', '4uiMn2g0pgTrhN096QJhbp', '4CuipEvwcoQggmCV8jpKF9', '2J80qXI4NHKpq5RT3xUF7V', '6i1GVNJCyyssRwXmnaeEFH', '1XLjkBxFokuDTlHt0mQkRe', '12SPNXi0aDpFt0rMVbmLrr', '53UXMZxwzQyV4j7tZaVF58', '1LOB7jTeEV14pHai6EXSzF', '4pb4rqWSoGUgxm63xmJ8xc', '0Cd6nHYwecCNM1sVEXKlYr', '5R3Hr2cnCCjt220Jmt2xLf', '6fcTRFpz0yH79qSKfof7lp', '4YLQaW1UU3mrVetC8gNkg5', '76YIoWHp3Ri3q1ocOPtFzp', '6VD4UEUPvtsemqD3mmTqCR', '6WGE3kO8ULME2ErBcOksSR', '1l2ekx5skC4gJH8djERwh1', '2xgAJkalFHfceCNGETOkyM', '4mrBetqy378Jf1y6NLszlx', '37awA8DFCAnCCL7aqYbDnD', '0RMeG9M8QFzss9bAbq99KA', '4PVn1b2WnnXdq80C7uaZLZ', '7iLc4hrjOjQPfg1E3cCHg1', '00sAT5YX8W3xNd1EuqyHw9', '2BJTwV4IpFe2gWL46KKlji', '2XiiUuK68XNdHaHOAF5hnT', '0RViEWnZO2VhmY4oI0PhF9', '7MFJyevu6jq0shwDuVLymu', '2vUCVkeZjzDcaoX4gagHdV', '2QMCcKIPHnjQaPPgoEst88', '4gJCFxvqKc43Ifk0UIBB42', '3IpvVrP3VLhruTmnququq7', '5zfDGV6C2Xwns1g773GF3N', '32Aw9aJJoXXC1Vn3zqzJbQ', '3E61SnNA9oqKP7hI0K3vZv', '0DRf6JJDQnRnz0Yp209CmH', '6eUtrZgzxqbV7zMxzN3Sz2', '2L8yW8GIoirHEdeW4bWQXq', '10hGPIDZi33LRaYRIq3Bh4', '5lXf3xjcLx6BmYMY6TvczJ', '1PFc84GHTYPL0G12JHh9Mc', '6S3KljEiIOWoLMUyZrkQUc', '1qF8DC6uIBjskqP0hyw1Gk', '7us9kFadl2fztbHSvlNk6M', '50kceDjknh0CjwOko7kx7V', '2HkAI0YrEcgoR8QdaURqhO', '558dSyN1mMqsKrEBcKJ2p0', '5WdqBAQhGFCrZvBKXiPIu7', '1wdU1J2NHzcDYarT7jEU2A', '2QlwnS23KrBeshXFyK5U6M', '6AREOm8Z1J4bdpUiXg3YQQ', '5Ix2ImVqEj1Alh3gwFuRoM', '0o42tCraU6AHXirBdleTO4', '47BEc2RoW53owMyxacXWdV', '738wLrAtLtCtFOLvQBXOXp', '3qnMl4DHT4gndzFAcG4FlM', '5CdJjUi9f0cVgo9nFuJrFa', '7muzHifhMdnfN1xncRLOqk', '0deIjoDjl9g9Zpw0sCIOHh', '67qogtRNI0GjUr8PlaG6Zh', '7u160I5qtBYZTQMLEIJmyz', '2FmzVitXZjIkFolH8HXd4j', '0ycHhPwPvoaO4VGzmMnXGq', '6d9SnuHI2bRer7c76d8sLq', '04vdWVjgi45nrMAxeCEVQe', '5fMUXHkw8R8eOP2RNVYEZX', '5ITI6SEoUZMIXXkzCfr4oE', '5Igpc9iLZ3YGtKeYfSrrOE', '7kNqXtgeIwFtelmRjWv205', '5czbzNZZfWpyFgZyfT3Mkk', '2zJ8chFLjiBHRNchfevMRI', '4FCzCS0KEgb0rgySWINItO', '3VRyybsQu0MDG0F2LBxnv7', '3oKnyRhYWzNsTiss5n4Z1J', '1KpCi9BOfviCVhmpI4G2sY', '1HxJeLhIuegM3KgvPn8sTa', '540vIaP2JwjQb9dm3aArA4', '0FIENxWAWlIBKgjGOoktIo', '77AiFEVeAVj2ORpC85QVJs', '1bj5GrcLom5gZFF5t949Xl', '1xNmvlEiICkRlRGqlNFZ43', '0Q9slhIaEgg190iG8udYIV', '2nuKjZLgc7II6FO4Rxjt5e', '4WFtYn5RyU8VGPpPyW9Pxw', '5EehXjjMktLuJmbRsM7YfB', '7dc6hUwyuIhrZdh80eaCEE', '5nki7yRhxgM509M5ADlN1p', '1yqxFtPHKcGcv6SXZNdyT9', '3cQA9WH8liZfeja1DxcDYE', '47z7ZrgFoBvVpCnElCE3Zh', '7w1eTNePApzDk8XtgykCPS']"
2,"['1dfeR4HaWDbWqFHLkxsg1d', '6DbJi8AcN5ANdtvJcwBSw8', '4x1nvY2FN8jxqAFA0DA02H', '7jefIIksOi1EazgRTfW2Pk', '6i6WlGzQtXtz7GcC5H5st5', '5BcZ22XONcRoLhTbZRuME1', '3HC7NcxQx2Yk0fWoRKJ0xF', '3JsMj0DEzyWc0VDlHuy9Bx', '39T6qqI0jDtSWWioX8eGJz', '4salDzkGmfycRqNUbyBphh', '6clbbhnIqpHnqxwtOWcilg', '2hO4YtXUFJiUYS2uYFvHNK', '5q4AzEtCoYJyXjMMoEkSU5', '0oSGxfWSnnOXhD2fKuz2Gy', '42TFhl7WlMRXiNqzSrnzPL', '3dBVyJ7JuOMt4GE9607Qin', '3fhOTtm0LBJ3Ojn4hIljLo', '33EUXrFKGjpUSGacqEHhU4', '2x9SpqnPi8rlE9pjHBwmSC', '7MSUfLeTdDEoZiJPDSBXgi', '1nJvji2KIlWSseXRSlNYsC', '0RUEHcBiENFEqxgicqS2ig', '1SQRv42e4PjEYfPhS0Tk9E', '67ea9eGLXYMsO2eYQRui3w', '24Wa5wIZIo1sPkzVGP0B5p', '2lxX1ivRYp26soIavdG9bX', '74oJ4qxwOZvX6oSsu1DGnw', '1CD77o9fbdyQFrHnUPUEsF', '1WRM9i067hd2ujxxi8FI3m', '3ICflSq6ZgYAIrm2CTkfVP', '1YqGsKpdixxSVgpfaL2AEQ', '2e53aHBQdCMKWqHDuyJsjC', '5bDxAyJiTYBat1YnFJhvEK', '3PhoLpVuITZKcymswpck5b', '6zFYqv1mOsgBRQbae3JJ9e', '3iDD7bnsjL9J4fO298r0L0', '77tT1kLj6mCWtFNqiOmP9H', '3sFhA6G1N0gG1pszb6kk1m', '35U9lQaRWSQISxQAB94Meo', '2y8Jo9CKhJvtfeKOsYzRdT', '5gxynDEKwNDgxGJmJjZyte', '0rvjqX7ttXeg3mTy8Xscbt', '6IRouO5mvvfcyxtPDKMYFN', '55vs7NT1KxcFjbMC4y202E', '1Ha0Fz4i0d4gu5fZbhBCtH', '29kkCKKGXheHuoO829FxWK', '34jw2BbxjoYalTp8cJFCPv', '26bcq2nyj5GB7uRr558iQg', '5xQKoGD7Ql92fWd1uWwKkf', '2CLVPk9FcywjClBcTvWPkT', '4YfnJEbTz8QLD5FusYFwV6', '2m62cc253Xvd9qYQ8d2X3d', '3CkvROUTQ6nRi9yQOcsB50', '2utNxkLhreF1oIfO8kQT3q', '3lHXm91pKLq9Sxi6CoRKWu', '6w6z8m4WXX7Tub4Rb6Lu7R', '2hl0xAkS2AIRAu23TVMBG1', '7AC976RDJzL2asmZuz7qil', '3WrFJ7ztbogyGnTHbHJFl2', '7FIoB5PHdrMZVC3q2HE5MS', '4STHEaNw4mPZ2tzheohgXB', '3RTzAwFprBqiskp550eSJX', '0Lpr5wXzWLtDWm1SjNbpPb', '2s4tjL6W3qrblOe0raIzwJ', '1PCZpxHJz7WAMF8EEq8bfc', '6vLlQYujOujIrm7zAKzEdG', '4pJCawaKSZ40EnxN0YEYw3', '3v4feUQnU3VEUqFrjmtekL', '3bTAaMx9nf237AkBnGw3vL', '5QNeV0eXW8W8SVXeALkOpB', '3oDbviiivRWhXwIE8hxkVV', '6waa8mKu91GjzD4NlONlNJ', '7i9m03TFsX9pDuP4CFDw3o', '0543y7yrvny4KymoaneT4W', '320EPCSEezHt1rtbfwH6Ck', '7CCn4PFRRRZF127jtCBAUe', '1bs7HoMkSyQwcobCpE9KpN', '2jgPkn6LuUazBoBk6vvjh5', '48YxSlb23RAaCd4RyHcV9V', '2kuNswDC82PL9xRbfaZJaS', '01hRNr3yF5bYnPq4wZ88iI', '4Q82S0VzF8qlCb4PnSDurj', '57xdnSVt4ahJCIXYLieQ25', '3i9hP422d2KMjaupTzBNVS', '5670CyWrIOA7702gNjsGMZ', '4QmkLL9JOqM9dusHS1Hghe', '3UmBeGyNwr4iDWi1vTxWi8', '2HBbky0Z08ZcCKVsXWbNE4', '2VL8sLEJ6lHEwocjc1pN9w', '74ASZWbe4lXaubB36ztrGX', '4vpDg7Y7fU982Ds30zawDA', '3mY9Ii0cL5SQxpOTAm8SHx', '2CvCyf1gEVhI0mX6aFXmVI', '6v8FB84lnmJs434UJf2Mrm', '5l8VQNuIg0turYE1VtM9zV', '2pdvghEHZJtgSXZ7cvNLou', '1CYsQCypByMVgnv17qsSbQ', '08F3Y3SctIlsOEmKd6dnH8', '3eskO5m0H4yiF64vRySBjr', '0rESpKEusFHxhW59MIf7eM', '040Bv6cZTRh30LyyYVXgJX', '3Q6OOkfssqoMSTtl11J5Uk', '1yap1SgRPMxgyfrrDlQ95y', '1KA3WXYMPLxomNuoE22LYd', '22bE4uQ6baNwSHPVcDxLCe', '776Uo845nYHJpNaStv1Ds4', '36QJpDe2go2KgaRleHCDTp', '22WZ7M8sxp5THdruNY3gXt', '7Bah8E0kCETqEpAHI6CPzQ', '5dbuFbrHa1SJlQhQX9OUJ2', '3lPQ2Fk5JOwGWAF3ORFCqH', '7A9yZMTrFZcgEWAX2kBfK6', '6QtGlUje9TIkLrgPZrESuk', '5lkiCO9UQ8B23dZ1o0UV4m', '0PFtn5NtBbbUNbU9EAmIWF', '46njgd2Rq9tZc4ZjeQMgbh', '6P7H3ai06vU1sGvdpBwDmE', '24GaH9tRBgZjlvOhpFuKi2', '695W5F2Ih8dYahLdjVOIoH', '0J2Ej2rMQyqaUX3G6MUISw', '6IFXsrXBpwbIqtOUOiAa3p', '3Y3xIwWyq5wnNHPp5gPjOW', '530Sdm7eqqzWBdDmILMgnu', '4FAEZeJcsYYBkNq2D3KGTV', '0WgyCbru4tXnMsbTmX4mFw', '1tfXh4XxILEuMU2qZupFn8', '3Y5abCLsMxsOLaZ8rYusSR', '1667U2YoucgG5Pdvm2M59c', '6EJmqnuK0r6qiAevFFiNNR', '6jdObwsrIjSRnBbMw6lPBj', '0cA5Tg15TwARIRZeiNT1RO', '3JhRHqCi8HEzkJVWt19LtN', '7emRV8AluG3d4e5T0DZiK9', '70ZTdbPEcEugBNay4MvxfL', '1R6Hx1tJ2VOUyodEpC12xM', '0fyqyjD7pbaVzbu94ylWQR', '04LIHk1SobiQwt2tlupoAV', '3pFCERyEiP5xeN2EsPXhjI', '2ekjTXgjxbWwBX5lTAj4DU', '3vMWY1bUrmYoSoEWLiQWOZ', '2Mhi3jfuRSdbVZPdjqsnnN', '0GByy3DcfbQwDvXGCWmzv9', '2iM28IgKg89v1o7BTQAVPo', '2yTUYhIf8fxptTIy3KLuJD', '4Tw2N3wdvJPGEU7JqMxFfE']"
6,"['07XSN3sPlIlB2L2XNcTwJw', '3EhbVgyfGd7HkpsagwL9GS', '7b85ve82Sh36a3UAx74wut', '1dLWg6m8RRhizsdqJbhyj3', '4opTS86dN9uO313J9CE8xg', '7HL4id2U7FSDJtfKQHMgQx', '62olK5zZHSgFUXGDykgBL8', '0cc6vw3VN8YlIcvr1v7tBL', '3BVkDHWRvLJEyKdvhLbjsq', '7HLvzuM9p11k9lUQfSM4Rq', '3tufWJzpCiAGleBt5TkmTn', '7Ey4PD4MYsKc5I2dolUwbH', '6h2bWHWTJL38N8dqocVaif', '3UbyYnvNIT5DFXU4WgiGpP', '1LB8qB5BPb3MHQrfkvifXU', '2cnMpRsOVqtPMfq7YiFE6K', '58lV9VcRSjABbAbfWS6skp', '6H1RjVyNruCmrBEWRbD0VZ', '711MCceyCBcFnzjGY4Q7Un', '0KyCXNSa7ZMb5LydfKbLG3', '1hXjTjJzZTXDZ75AclOo6N', '6ZPbX2Lxd40e2UVkXpyxvI', '09hNSPPOxDop4FRdr6UEnq', '7CHilrn81OdYjkh4uSVnYM', '2ye2Wgw4gimLv2eAKyk1NB', '1Yox196W7bzVNZI7RBaPnf', '28hJdGN1Awf7u3ifk2lVkg', '0NmYchKQ8JIR9QHYJA0FRe', '1IQ2e1buppatiN1bxUVkrk', '2tRsMl4eGxwoNabM08Dm4I', '3JysSUOyfVs1UQ0UaESheP', '76S65NHJHrNy4JTrXHP2BH', '0L8QRAAuWjqvTM8FpQ1gYO', '3BM0EaYmkKWuPmmHFUTQHv', '14pVkFUHDL207LzLHtSA18', '5i0ph60TnwTlIGrOZAmcZa', '6JW8wliOEwaDZ231ZY7cf4', '5fwaejlOHVBAw1KhIPPaQe', '6SYbLA9utoNsllunR1TnkM', '6KVc8Llznru8n9LVCYe9dz', '0SbGI4sb8dAKFZnK7RFyhz', '0zfT626RwO6zN3RDYeRit5', '4fE4Bf0MM6lMJpHiHniPuW', '0lVlNsuGaOr9vMHCZIAKMt', '1m0B9ak05G0jqDY4ACLhQu', '6159IBm5gLPwG4BcJXseXc', '4CYeVo5iZbtYGBN4Isc3n6', '71vVmHeNgCVSa5SVmfvscU', '3JDIAtVrJdQ7GFOX26LYpv', '0kq4QvLGV5t1ZoE6ittrLQ', '4UjiBRkTw9VmvDZiJZKPJ7', '6mdiAmATAx73kdxrNrnlao', '1DFr97A9HnbV3SKTJFu62M', '7Iffw1nP3NjCWkRIx3Ily9', '34c4iQ5tkaZKu6Sv28BTde', '1AeC9AuzqGc3IXMC2T5xny', '4hxDvVq5t8ebPYPdBl1F9f', '60S1OdBXBk4cCMbOxL2TqX', '6LG6fIvh2XpjqHUuR7NRtt', '1BBIIH0h76KN8gYeXFcPjR', '4CzUzn54Cp9TQr6a7JIlMZ', '5M52tdBnJaKSvOpJGz8mfZ', '0UeVJTdCWGEFSSO9Tg9tiH', '1ApBh0VSoxRjjT3kFQZrpz', '5d6KI8frPEo3qGsIL8Sak2', '0RFQyVQGVcECxnuSLvEKxV', '0lKpKsvjBKLUeyVIAPHUy1', '0cBWwOJCsZ9RQW9kBBw5df', '6SLAMfhOi7UJI0fMztaK0m', '6ZLTlhejhndI4Rh53vYhrY', '568ZhdwyaiCyOGJRtNYhWf', '6urzdpGY5yUimWZsgJUoTb', '7CGoviGsNXYmGOBkXk8dtW', '1WsfEkSfrPIhy1lK7ZLRRH', '3l02WF362j1oHOurzuseBv', '4Cqia9vrAbm7ANXbJGXsTE', '4Ros83hWMCi68biw25Xyxg', '3jdirYL01245TvAH39GfM6', '416gMRzj1LnFJvSBF5PO2R', '6WMo39FU3nrpSz3qMgRKug', '3qm84nBOXUEQ2vnTfUTTFC', '6biWAmrHyiMkX49LkycGqQ', '5XDeFQDarnwpR5WAfD6S0d', '27T030eWyCQRmDyuvr1kxY', '6fvN9GmMCVKb5LY0WsnjFP', '45O9BwPMyywM755SYUK0sP', '2Omy3P5hFZym7FKum1JA1s', '00tVTdpEhQQw1bqdu8RCx2', '5uSY4FF3dZMCVSkZslKCHi', '21ysNsPzHdqYN2fQ75ZswG']"
7,"['6XyY86QOPPrYVGvF9ch6wz', '4RddZ3iHvSpGV4dvATac9X', '2MqhkhX4npxDZ62ObR5ELO', '6B5c4sch27tWHAGdarpPaW', '1E4r4z7ivGUcSAnCbINJ9v', '5BtHciL0e0zOP7prIHn3pP', '4IR8ZkpbyyKrqsIzchF3NB', '70BYFdaZbEKbeauJ670ysI', '2xiIXseIJcq3nG7C8fHeBj', '7qAcXJgt1PWnxwUgxMdyuk', '0REMf7H0VP6DwfZ9MbuWph', '0DrXhci3WAyo0WJv1RBOG6', '1UdQqCUR7RwB9YYJONwbdM', '2RTUTCvo6onsAnheUk3aL9', '21ALJSG7U07dShegeJQ2xA', '0EyuKHE1AeE9lWUF8mzKVp', '4nCzT3o7lMgCWBcmdwCMsT', '74eX4C98E4FCrAMl39qRsJ', '502ZZTWlqgS1Ht62ewubEJ', '01crEa9G3pNpXZ5m7wuHOk', '1KEUVZo7CMTSJoM8doulOT', '5V5NZ8y72BgxpB6rN4XxtI', '6GfiCQDFYANz5wUkSmb3Dr', '5KDIH2gF0VpelTqyQS7udb', '56dO9zeHKuU5Gvfc2kxHNw', '3dXaa6jwM7B52GZpaJEIr5', '3TOqt5oJwL9BE2NG9MEwDa', '49qiE8dj4JuNdpYGRPdKbF', '6gZq1Q6bdOxsUPUG1TaFbF', '7fWgqc4HJi3pcHhK8hKg2p', '4PoYwGOztIrPpBfRIlMSxP', '2Pfv2w8a20xzC7Dr7QXRqM', '7JDSHlDdVTo7aZKdQZ53Vf', '5t28BP42x2axFnqOOMg3CM', '6KO6G41BBLTDNYOLefWTMU', '3n4ersmDo55xV4fPSCKpXb', '4iSKnRZAxkmqNok6tv10Se', '1xJ6l1VXgGuyZ0uhu27caF', '6BdSOHfQ6kMg0tbAFlXR1z', '49bzE5vRBRIota4qeHtQM8', '5v6wlK6GCKVovWMbPqSHNy', '0RqtSIYZmd4fiBKVFqyIqD']"
21,"['2qqZbV6smvvtohQOUgZqKa', '1VmIiQ7VHrqHg90igSWrB0', '7Ln80lUS6He07XvHI8qqHH', '1GLtl8uqKmnyCWxHmw9tL4', '0Ya43ZKWHTKkAbkoJJkwIB', '450iujbtN6XgiA9pv6fVZz', '7FPkZue0zzjHaOPJb4WCw3', '3M4ThdJR28z9eSMcQHAZ5G', '0LbLWjaweRbO4FDKYlbfNt', '0Ak6DLKHtpR6TEEnmcorKA', '6hl5k4gLl1p3sjhHcb57t2', '4fSPtBgFPZzygkY6MehwQ7', '1NfJU4hy56Z4UM4iyIa1B2', '11wRdbnoYqRddKBrpHt4Ue', '2Z7UcsdweVlRbAk5wH5fsf', '1ctkBmvz80MGyi72Ix055S', '0sYlth2PW1zWJMEU2vCukz', '3M0H4efyA5YcijrKlaKbYn', '1Li0eIWeMeWcOOWpImcG9H', '07xbJ7SM1JopFtI1qXvSww', '4kzBapiIVMxwhJLsTm28Gc', '02YLJJnWC7YQVixkjEBRn7', '0epOFNiUfyON9EYx7Tpr6V', '0XNa1vTidXlvJ2gHSsRi4A', '1rAv1GhTQ2rmG94p9lU3rB', '3WaJSfKnzc65VDgmj2zU8B', '7vkiEK5D7Gf0z4M1Va0CXD', '6fHETUBbKmdmgybtFOFQuc', '0IBAqjHG8DSaD7PPCGnGiZ', '51Eq6WMVEOjjx9KQMAnneG', '0vW8z9pZMGCcRtGPGtyqiB', '0aLsJXIaJ6MMCZIzaGpMaX', '22RISwgVJyZu9lpqAcv1F5', '4fgXfJCQnK6c44u4KzAtQP', '45FqwUG4hTT6d39r2HUsUe', '52pNByiBWx6SVMMqqcCA74', '7DruTvBV7owt1aSAZHsU58', '4hfrzKkUsrb3Cz209SKxbo', '1ShwUjKIwQRaUJij7jgRhp', '7jZycSvTyx0W9poD4PjEIG', '3E3NOIlw2s1ZPU9GRB9jaq', '7MkyChCSbNBozQ6jq79lop', '01ZP85CNi7Y9t1e0one46k', '14Gi3Uph96lpNB3utkoVAD', '6OiHleP2bHM18dXq4aZQWt', '1fy3AQc7grjf5LnCd7snSg', '4LlDtNr8qFwhrT8eL2wzH4', '35YNL4wwv11ZkmeWWL51y7', '0ikiOZC4SDG6OrgHLESydg']"
11,"['0L8ExT028jH3ddEcZwqJJ5', '7jy3rLJdDQY21OgRLCZ9sD', '78SHxLdtysAXgywQ4vE0Oa', '2ziB7fzrXBoh1HUPS6sVFn', '5xUf6j4upBrXZPg6AI4MRK', '2UazAtjfzqBF0Nho2awK4z', '40Yq4vzPs9VNUrIBG5Jr2i', '4iudEcmuPlYNdbP3e1bdn1', '64tNsm6TnZe2zpcMVMOoHL', '0iHb0mCbqZTYeb4y9Pirrd', '0XHiH53dHrvbwfjYM7en7I', '02NfyD6AlLA12crYzw5YcR', '2d0hyoQ5ynDBnkvAbJKORj', '6GbCJZrI318Ybm8mY36Of5', '1fSzW5cXBmquli5laFnoGY', '4DFhHyjvGYa9wxdHUjtDkc', '64mPnRMMeudAet0E62ypkx', '2yEwvVSSSUkcLeSTNyHKh8', '4pejUc4iciQfgdX6OKulQn', '4zYQWYmtimAEmI6WWEzGfO', '0T7JQxpy1Li93vLNirbv0Z', '07jc1IMGtecDZzOL9cP50t', '6Uhp7WA6sjm5ZL6Xz561de', '3R0asV2e7pWetezwXtpDLG', '2zq0uqN9Wq12tqrQQt1ozw', '3MomZRiJwdZmYnysgtF4Ey', '6yyZgcrQ10gThrJxzqogiP', '0qB0cTENhSUc0feov5qbg0', '5HUFo8AH9ZILmlyKFfEMNP', '5sD1ZLf2dGQ9gQ3YJl1eAd', '415JrPfN7ukaTu8JV8BLE8', '58etTNn7xmsQZhjnfjpAXL', '3XR64HmFo4OvexUUNW7TP0', '3Ukr3Ufjg8ygRJv7Ww887f', '2QMMktUMtwMSwUZATX1cRO', '3R6c2tWDBeYB1GncjLMn9n', '02uYdhMhCgdB49hZlYRm9o', '3HCpwNmFp2rvjkdjTs4uxs', '62cvIQKyg3aHsHNgPxzGPT', '1TKaUU8ooBgSW9TlyKsw6k', '161AC1AVRkIGIMxyj5djFQ', '538ZIoOw6wW1xdjuIaQHOS', '4hvwEwrCmGj22uURGVET7Q', '3yEnArbNHyTCwMRvD9SBy4', '1fpXM23IoNckJ7NDAm8YJQ', '41Q0HrwWBtuUkJc7C1Rp6K', '3zAxGWQqKmDnAsCY57ihKR', '2OpHxx1SArSMlBrIMM0aV9', '0EdvGhlC1FkGItLOWQzG4J', '1YK8JdPbiaMSnf4hrlBkGT', '4uN3DsfENc7dp0OLO0FEIb', '6py4uFIC7T6RdrZnH6hFYJ', '6MxlVTY6PmY8Nyn16fvxtb', '3XXrhkZKSGd3CUJQFnx5tQ', '3ewpPJWBH1eiTYj9cZEce2', '2q0PlZJNGryR467EUNmWn7', '7rN3Agir6FaZNfhf5V7mfN', '4ANigmoglCpG6sHgfT1hkB', '2PnETbh55Irnv3VAFBALfd', '0Xl5J6iOgiQHFqgri7TF8j', '24FHFsVLTOio4dqqVMq5pe', '75U40yZLLPglFgXbDVnmVs', '3nnQpaTvKb5jCQabZefACI']"
12,"['0EmeFodog0BfCgMzAIvKQp', '1d6dwipPrsFSJVmFTTdFSS', '36VEEgbtrb7tx601gvlzli', '32iQCp9tclqO3C99hRpAUR', '6XmHtVhgpE33VHFEp2V1P8', '3uC20p2EoNm5LYtzSVWdkL', '5zaT4Qu9otu6z4oyWjRqM2', '61hAcjvvUS6EXMpeeHwaDi', '7K9rdoOJSiKXoVXPlSkGKT', '1xJAOe5igcfHGUbMHxsTBq', '4HncQjB1Qpyke5EJtU3e3Y', '23wEWD21D4TPYiJugoXmYb', '1Db5GsIoVWYktPoD2nnPZZ', '5LeiVcEnsZcwc133TUhJNW', '0TeVa4xdLB8vdzjsvKH6Ri', '0Wnd6L0qEnk8jiCIHrWXaC', '5xSx2FM8mQnrfgM1QsHniB', '6ModsWtBph2rE6zCTVxvZt', '3oNy8cjBtJzLC07I70sklp', '6rfFUodEv0dJxD1mKbDNdF', '3QmmtMrEf7aQrsd1VtejAV', '5U1A3TNJisLnVodHzWjCmL', '1G4QsyR9Fj6k8JJK233X8C', '7slfeZO9LsJbWgpkIoXBUJ', '1JbemQ1fPt2YmSLjAFhPBv', '0LALueHEQunQ2d61fXGeZh', '69BUYvpG9MbjCyIZfsFdhJ', '4uoz4FUMvpeyGClFTTDBsD', '2AZOALDIBORfbzKTuliwdJ', '5enSNzCwMx61gCMv9jaV4Q', '1bqHIHJm8coUJqqoguolZJ', '3udlGv7o6NeUWRlRFGqPY9', '0r8toju2ecKaVtItkzAnNi', '7Hf9AwMO37bSdxHb0FBGmO', '4OgNARLQSC4yy7Dsa5cqxx', '3mGyF5kXDjEkLlFypJ93en', '1dJyh390MvfYPuNbhnbSDs', '7afXSXOa8dE3c2C5XIguAv', '0UWZUmn7sybxMCqrw9tGa7', '1mux8L6xg2Cmrc7k0wQczl', '5sUrlPAHlS9NEirDB8SEbF', '3W4lVkySjtIvd67UUg0F3i', '53KTldaJ8tHSkYU3nigfwP', '1GfaAWKfZE9hrYS8IqkWKB', '3smfreCkyJt7bShaTYpG77', '7FZj349hdLfD6qzXkJLuAh', '4NEYQeEYBUjfaXgDQGvFvu', '7xeM7V59cA1X8GKyKKQV87', '1T9LdtwSTDoXrbkvHtKpGw', '3u4GbCOWNszEqm4Vzv7liB', '4FG27h3EzTkxI1YDnHhuRW', '5xd2Tg7Zo8755eCy8Gxkp8', '1FbygZnWsyUjzjTGLhWVlO', '4zbqGb99bANxJBsvwRr2zT']"
